SK_Order,order_id,order_status,required_date,shipped_date,order_date
1,Ord1,4,2016-01-03,2016-01-03,2016-01-01
2,Ord10,4,2016-01-06,2016-01-06,2016-01-05
3,Ord100,4,2016-03-04,2016-03-03,2016-03-01
4,Ord1000,4,2017-07-14,2017-07-15,2017-07-12
5,Ord1001,4,2017-07-16,2017-07-15,2017-07-13
6,Ord1002,4,2017-07-16,2017-07-16,2017-07-14
7,Ord1003,4,2017-07-16,2017-07-16,2017-07-14
8,Ord1004,4,2017-07-17,2017-07-16,2017-07-14
9,Ord1005,4,2017-07-17,2017-07-16,2017-07-15
10,Ord1006,4,2017-07-18,2017-07-17,2017-07-15
11,Ord1007,4,2017-07-17,2017-07-17,2017-07-16
12,Ord1008,4,2017-07-18,2017-07-18,2017-07-16
13,Ord1009,4,2017-07-19,2017-07-19,2017-07-16
14,Ord101,4,2016-03-04,2016-03-04,2016-03-01
15,Ord1010,3,2017-07-18,NULL,2017-07-18
16,Ord1011,4,2017-07-21,2017-07-21,2017-07-18
17,Ord1012,4,2017-07-20,2017-07-20,2017-07-18
18,Ord1013,4,2017-07-22,2017-07-21,2017-07-19
19,Ord1014,4,2017-07-21,2017-07-21,2017-07-19
20,Ord1015,4,2017-07-22,2017-07-21,2017-07-19
21,Ord1016,4,2017-07-20,2017-07-21,2017-07-19
22,Ord1017,4,2017-07-21,2017-07-23,2017-07-20
23,Ord1018,4,2017-07-23,2017-07-23,2017-07-22
24,Ord1019,4,2017-07-23,2017-07-24,2017-07-22
25,Ord102,4,2016-03-05,2016-03-03,2016-03-02
26,Ord1020,3,2017-07-23,NULL,2017-07-23
27,Ord1021,4,2017-07-24,2017-07-26,2017-07-23
28,Ord1022,4,2017-07-26,2017-07-24,2017-07-23
29,Ord1023,4,2017-07-26,2017-07-25,2017-07-23
30,Ord1024,4,2017-07-25,2017-07-26,2017-07-23
31,Ord1025,4,2017-07-26,2017-07-26,2017-07-23
32,Ord1026,4,2017-07-28,2017-07-29,2017-07-26
33,Ord1027,4,2017-07-28,2017-07-28,2017-07-26
34,Ord1028,4,2017-07-28,2017-07-30,2017-07-27
35,Ord1029,4,2017-07-30,2017-08-01,2017-07-29
36,Ord103,4,2016-03-06,2016-03-05,2016-03-03
37,Ord1030,4,2017-07-30,2017-07-31,2017-07-29
38,Ord1031,4,2017-08-01,2017-08-02,2017-07-30
39,Ord1032,4,2017-08-02,2017-08-01,2017-07-30
40,Ord1033,4,2017-07-31,2017-08-02,2017-07-30
41,Ord1034,4,2017-07-31,2017-07-31,2017-07-30
42,Ord1035,4,2017-08-02,2017-08-02,2017-07-30
43,Ord1036,4,2017-08-01,2017-07-31,2017-07-30
44,Ord1037,4,2017-08-02,2017-08-03,2017-07-31
45,Ord1038,4,2017-08-01,2017-08-03,2017-07-31
46,Ord1039,4,2017-08-04,2017-08-03,2017-08-02
47,Ord104,4,2016-03-05,2016-03-05,2016-03-03
48,Ord1040,4,2017-08-07,2017-08-05,2017-08-04
49,Ord1041,4,2017-08-06,2017-08-05,2017-08-04
50,Ord1042,4,2017-08-07,2017-08-07,2017-08-06
51,Ord1043,4,2017-08-09,2017-08-08,2017-08-06
52,Ord1044,4,2017-08-10,2017-08-08,2017-08-07
53,Ord1045,4,2017-08-09,2017-08-10,2017-08-07
54,Ord1046,4,2017-08-09,2017-08-08,2017-08-07
55,Ord1047,3,2017-08-08,NULL,2017-08-08
56,Ord1048,4,2017-08-10,2017-08-09,2017-08-08
57,Ord1049,4,2017-08-11,2017-08-10,2017-08-09
58,Ord105,4,2016-03-05,2016-03-04,2016-03-03
59,Ord1050,4,2017-08-12,2017-08-12,2017-08-09
60,Ord1051,4,2017-08-11,2017-08-11,2017-08-10
61,Ord1052,4,2017-08-12,2017-08-13,2017-08-10
62,Ord1053,4,2017-08-11,2017-08-12,2017-08-10
63,Ord1054,4,2017-08-12,2017-08-12,2017-08-11
64,Ord1055,4,2017-08-15,2017-08-15,2017-08-12
65,Ord1056,4,2017-08-15,2017-08-13,2017-08-12
66,Ord1057,4,2017-08-15,2017-08-13,2017-08-12
67,Ord1058,4,2017-08-16,2017-08-14,2017-08-13
68,Ord1059,4,2017-08-17,2017-08-17,2017-08-14
69,Ord106,4,2016-03-05,2016-03-05,2016-03-04
70,Ord1060,4,2017-08-18,2017-08-17,2017-08-15
71,Ord1061,4,2017-08-18,2017-08-18,2017-08-15
72,Ord1062,4,2017-08-17,2017-08-18,2017-08-15
73,Ord1063,4,2017-08-19,2017-08-19,2017-08-16
74,Ord1064,4,2017-08-18,2017-08-19,2017-08-16
75,Ord1065,4,2017-08-19,2017-08-19,2017-08-17
76,Ord1066,4,2017-08-20,2017-08-19,2017-08-17
77,Ord1067,4,2017-08-19,2017-08-19,2017-08-17
78,Ord1068,4,2017-08-20,2017-08-19,2017-08-17
79,Ord1069,4,2017-08-19,2017-08-18,2017-08-17
80,Ord107,4,2016-03-09,2016-03-09,2016-03-06
81,Ord1070,4,2017-08-20,2017-08-18,2017-08-17
82,Ord1071,4,2017-08-20,2017-08-18,2017-08-17
83,Ord1072,3,2017-08-18,NULL,2017-08-18
84,Ord1073,4,2017-08-19,2017-08-21,2017-08-18
85,Ord1074,3,2017-08-19,NULL,2017-08-19
86,Ord1075,4,2017-08-21,2017-08-22,2017-08-19
87,Ord1076,4,2017-08-22,2017-08-22,2017-08-19
88,Ord1077,4,2017-08-20,2017-08-21,2017-08-19
89,Ord1078,4,2017-08-21,2017-08-20,2017-08-19
90,Ord1079,4,2017-08-20,2017-08-20,2017-08-19
91,Ord108,4,2016-03-09,2016-03-07,2016-03-06
92,Ord1080,4,2017-08-20,2017-08-20,2017-08-19
93,Ord1081,4,2017-08-22,2017-08-22,2017-08-19
94,Ord1082,4,2017-08-22,2017-08-21,2017-08-20
95,Ord1083,4,2017-08-23,2017-08-23,2017-08-20
96,Ord1084,4,2017-08-24,2017-08-23,2017-08-21
97,Ord1085,4,2017-08-23,2017-08-23,2017-08-21
98,Ord1086,4,2017-08-23,2017-08-24,2017-08-21
99,Ord1087,4,2017-08-23,2017-08-25,2017-08-22
100,Ord1088,4,2017-08-23,2017-08-23,2017-08-22
101,Ord1089,3,2017-08-23,NULL,2017-08-23
102,Ord109,4,2016-03-09,2016-03-09,2016-03-06
103,Ord1090,4,2017-08-26,2017-08-26,2017-08-24
104,Ord1091,4,2017-08-25,2017-08-25,2017-08-24
105,Ord1092,4,2017-08-28,2017-08-27,2017-08-25
106,Ord1093,4,2017-08-28,2017-08-26,2017-08-25
107,Ord1094,4,2017-08-27,2017-08-28,2017-08-25
108,Ord1095,4,2017-08-28,2017-08-27,2017-08-26
109,Ord1096,4,2017-08-29,2017-08-29,2017-08-27
110,Ord1097,4,2017-08-30,2017-08-28,2017-08-27
111,Ord1098,4,2017-08-30,2017-08-30,2017-08-28
112,Ord1099,4,2017-08-29,2017-08-30,2017-08-28
113,Ord11,4,2016-01-08,2016-01-07,2016-01-05
114,Ord110,4,2016-03-08,2016-03-09,2016-03-06
115,Ord1100,4,2017-08-29,2017-08-29,2017-08-28
116,Ord1101,4,2017-08-30,2017-08-30,2017-08-29
117,Ord1102,4,2017-08-31,2017-08-31,2017-08-29
118,Ord1103,4,2017-09-02,2017-09-02,2017-08-31
119,Ord1104,4,2017-09-04,2017-09-03,2017-09-01
120,Ord1105,4,2017-09-04,2017-09-03,2017-09-01
121,Ord1106,4,2017-09-04,2017-09-04,2017-09-02
122,Ord1107,4,2017-09-05,2017-09-05,2017-09-02
123,Ord1108,4,2017-09-05,2017-09-04,2017-09-03
124,Ord1109,4,2017-09-04,2017-09-04,2017-09-03
125,Ord111,4,2016-03-10,2016-03-10,2016-03-07
126,Ord1110,4,2017-09-07,2017-09-07,2017-09-04
127,Ord1111,4,2017-09-06,2017-09-05,2017-09-04
128,Ord1112,4,2017-09-08,2017-09-07,2017-09-05
129,Ord1113,4,2017-09-08,2017-09-07,2017-09-06
130,Ord1114,4,2017-09-08,2017-09-08,2017-09-06
131,Ord1115,4,2017-09-09,2017-09-09,2017-09-07
132,Ord1116,4,2017-09-10,2017-09-10,2017-09-08
133,Ord1117,4,2017-09-10,2017-09-10,2017-09-08
134,Ord1118,4,2017-09-11,2017-09-11,2017-09-08
135,Ord1119,4,2017-09-12,2017-09-13,2017-09-10
136,Ord112,4,2016-03-11,2016-03-10,2016-03-08
137,Ord1120,4,2017-09-12,2017-09-13,2017-09-10
138,Ord1121,4,2017-09-13,2017-09-12,2017-09-11
139,Ord1122,4,2017-09-14,2017-09-14,2017-09-12
140,Ord1123,4,2017-09-14,2017-09-14,2017-09-13
141,Ord1124,4,2017-09-14,2017-09-16,2017-09-13
142,Ord1125,4,2017-09-15,2017-09-15,2017-09-14
143,Ord1126,4,2017-09-16,2017-09-15,2017-09-14
144,Ord1127,4,2017-09-16,2017-09-16,2017-09-15
145,Ord1128,4,2017-09-17,2017-09-16,2017-09-15
146,Ord1129,4,2017-09-18,2017-09-20,2017-09-17
147,Ord113,4,2016-03-11,2016-03-11,2016-03-08
148,Ord1130,4,2017-09-20,2017-09-20,2017-09-18
149,Ord1131,4,2017-09-20,2017-09-19,2017-09-18
150,Ord1132,4,2017-09-20,2017-09-20,2017-09-19
151,Ord1133,4,2017-09-21,2017-09-21,2017-09-19
152,Ord1134,4,2017-09-22,2017-09-20,2017-09-19
153,Ord1135,4,2017-09-21,2017-09-20,2017-09-19
154,Ord1136,4,2017-09-21,2017-09-21,2017-09-20
155,Ord1137,4,2017-09-23,2017-09-23,2017-09-20
156,Ord1138,4,2017-09-23,2017-09-22,2017-09-21
157,Ord1139,4,2017-09-22,2017-09-23,2017-09-21
158,Ord114,4,2016-03-10,2016-03-11,2016-03-08
159,Ord1140,4,2017-09-22,2017-09-22,2017-09-21
160,Ord1141,4,2017-09-23,2017-09-24,2017-09-22
161,Ord1142,4,2017-09-26,2017-09-26,2017-09-23
162,Ord1143,4,2017-09-26,2017-09-27,2017-09-24
163,Ord1144,4,2017-09-27,2017-09-27,2017-09-24
164,Ord1145,4,2017-09-27,2017-09-26,2017-09-25
165,Ord1146,4,2017-09-26,2017-09-28,2017-09-25
166,Ord1147,4,2017-09-26,2017-09-27,2017-09-25
167,Ord1148,4,2017-09-26,2017-09-27,2017-09-25
168,Ord1149,4,2017-09-30,2017-09-30,2017-09-27
169,Ord115,4,2016-03-11,2016-03-11,2016-03-09
170,Ord1150,4,2017-10-01,2017-09-30,2017-09-28
171,Ord1151,4,2017-09-30,2017-09-30,2017-09-29
172,Ord1152,4,2017-10-02,2017-10-01,2017-09-29
173,Ord1153,4,2017-10-03,2017-10-03,2017-09-30
174,Ord1154,4,2017-10-03,2017-10-03,2017-09-30
175,Ord1155,4,2017-10-01,2017-10-01,2017-09-30
176,Ord1156,4,2017-10-03,2017-10-03,2017-09-30
177,Ord1157,4,2017-10-03,2017-10-04,2017-10-01
178,Ord1158,4,2017-10-03,2017-10-02,2017-10-01
179,Ord1159,4,2017-10-02,2017-10-03,2017-10-01
180,Ord116,4,2016-03-11,2016-03-11,2016-03-10
181,Ord1160,4,2017-10-02,2017-10-04,2017-10-01
182,Ord1161,4,2017-10-04,2017-10-02,2017-10-01
183,Ord1162,4,2017-10-03,2017-10-03,2017-10-01
184,Ord1163,4,2017-10-02,2017-10-02,2017-10-01
185,Ord1164,4,2017-10-02,2017-10-03,2017-10-01
186,Ord1165,4,2017-10-03,2017-10-05,2017-10-02
187,Ord1166,4,2017-10-04,2017-10-04,2017-10-03
188,Ord1167,4,2017-10-07,2017-10-06,2017-10-04
189,Ord1168,4,2017-10-05,2017-10-06,2017-10-04
190,Ord1169,4,2017-10-06,2017-10-07,2017-10-04
191,Ord117,4,2016-03-13,2016-03-11,2016-03-10
192,Ord1170,4,2017-10-07,2017-10-06,2017-10-05
193,Ord1171,4,2017-10-06,2017-10-08,2017-10-05
194,Ord1172,4,2017-10-10,2017-10-09,2017-10-07
195,Ord1173,4,2017-10-10,2017-10-09,2017-10-08
196,Ord1174,4,2017-10-10,2017-10-11,2017-10-08
197,Ord1175,4,2017-10-11,2017-10-12,2017-10-09
198,Ord1176,4,2017-10-13,2017-10-11,2017-10-10
199,Ord1177,3,2017-10-12,NULL,2017-10-12
200,Ord1178,4,2017-10-15,2017-10-13,2017-10-12
201,Ord1179,4,2017-10-15,2017-10-15,2017-10-12
202,Ord118,4,2016-03-14,2016-03-13,2016-03-12
203,Ord1180,4,2017-10-16,2017-10-16,2017-10-13
204,Ord1181,4,2017-10-16,2017-10-15,2017-10-13
205,Ord1182,4,2017-10-14,2017-10-16,2017-10-13
206,Ord1183,4,2017-10-17,2017-10-17,2017-10-14
207,Ord1184,4,2017-10-15,2017-10-16,2017-10-14
208,Ord1185,4,2017-10-16,2017-10-17,2017-10-14
209,Ord1186,4,2017-10-16,2017-10-15,2017-10-14
210,Ord1187,4,2017-10-18,2017-10-16,2017-10-15
211,Ord1188,4,2017-10-18,2017-10-17,2017-10-15
212,Ord1189,4,2017-10-17,2017-10-18,2017-10-15
213,Ord119,4,2016-03-14,2016-03-14,2016-03-12
214,Ord1190,4,2017-10-19,2017-10-17,2017-10-16
215,Ord1191,4,2017-10-18,2017-10-18,2017-10-17
216,Ord1192,4,2017-10-19,2017-10-18,2017-10-17
217,Ord1193,4,2017-10-19,2017-10-19,2017-10-17
218,Ord1194,4,2017-10-22,2017-10-22,2017-10-19
219,Ord1195,4,2017-10-21,2017-10-21,2017-10-19
220,Ord1196,4,2017-10-21,2017-10-20,2017-10-19
221,Ord1197,4,2017-10-23,2017-10-23,2017-10-21
222,Ord1198,4,2017-10-24,2017-10-24,2017-10-22
223,Ord1199,4,2017-10-24,2017-10-26,2017-10-23
224,Ord12,4,2016-01-08,2016-01-09,2016-01-06
225,Ord120,4,2016-03-15,2016-03-17,2016-03-14
226,Ord1200,4,2017-10-25,2017-10-26,2017-10-23
227,Ord1201,4,2017-10-24,2017-10-24,2017-10-23
228,Ord1202,4,2017-10-25,2017-10-25,2017-10-24
229,Ord1203,4,2017-10-27,2017-10-26,2017-10-25
230,Ord1204,4,2017-10-28,2017-10-28,2017-10-25
231,Ord1205,4,2017-10-28,2017-10-28,2017-10-26
232,Ord1206,4,2017-10-29,2017-10-29,2017-10-26
233,Ord1207,4,2017-10-28,2017-10-27,2017-10-26
234,Ord1208,4,2017-10-28,2017-10-27,2017-10-26
235,Ord1209,4,2017-10-27,2017-10-29,2017-10-26
236,Ord121,4,2016-03-15,2016-03-16,2016-03-14
237,Ord1210,4,2017-10-27,2017-10-29,2017-10-26
238,Ord1211,4,2017-10-28,2017-10-29,2017-10-27
239,Ord1212,4,2017-10-30,2017-10-29,2017-10-27
240,Ord1213,4,2017-10-29,2017-10-29,2017-10-27
241,Ord1214,4,2017-10-29,2017-10-29,2017-10-28
242,Ord1215,4,2017-10-31,2017-10-30,2017-10-28
243,Ord1216,4,2017-10-30,2017-10-29,2017-10-28
244,Ord1217,4,2017-10-31,2017-10-30,2017-10-28
245,Ord1218,4,2017-11-01,2017-10-31,2017-10-30
246,Ord1219,4,2017-11-02,2017-11-02,2017-10-30
247,Ord122,4,2016-03-16,2016-03-15,2016-03-14
248,Ord1220,4,2017-11-03,2017-11-03,2017-10-31
249,Ord1221,4,2017-11-02,2017-11-01,2017-10-31
250,Ord1222,4,2017-11-04,2017-11-03,2017-11-01
251,Ord1223,4,2017-11-03,2017-11-03,2017-11-02
252,Ord1224,4,2017-11-04,2017-11-04,2017-11-03
253,Ord1225,4,2017-11-05,2017-11-07,2017-11-04
254,Ord1226,4,2017-11-07,2017-11-06,2017-11-04
255,Ord1227,4,2017-11-07,2017-11-06,2017-11-04
256,Ord1228,4,2017-11-06,2017-11-06,2017-11-04
257,Ord1229,4,2017-11-08,2017-11-06,2017-11-05
258,Ord123,4,2016-03-18,2016-03-17,2016-03-15
259,Ord1230,4,2017-11-06,2017-11-07,2017-11-05
260,Ord1231,4,2017-11-07,2017-11-06,2017-11-05
261,Ord1232,4,2017-11-07,2017-11-09,2017-11-06
262,Ord1233,4,2017-11-07,2017-11-08,2017-11-06
263,Ord1234,3,2017-11-07,NULL,2017-11-07
264,Ord1235,4,2017-11-08,2017-11-09,2017-11-07
265,Ord1236,4,2017-11-11,2017-11-09,2017-11-08
266,Ord1237,4,2017-11-12,2017-11-11,2017-11-09
267,Ord1238,4,2017-11-10,2017-11-11,2017-11-09
268,Ord1239,4,2017-11-10,2017-11-11,2017-11-09
269,Ord124,4,2016-03-18,2016-03-17,2016-03-16
270,Ord1240,4,2017-11-11,2017-11-11,2017-11-10
271,Ord1241,4,2017-11-12,2017-11-11,2017-11-10
272,Ord1242,4,2017-11-12,2017-11-12,2017-11-11
273,Ord1243,4,2017-11-13,2017-11-14,2017-11-11
274,Ord1244,4,2017-11-14,2017-11-13,2017-11-12
275,Ord1245,4,2017-11-16,2017-11-14,2017-11-13
276,Ord1246,4,2017-11-16,2017-11-16,2017-11-13
277,Ord1247,4,2017-11-18,2017-11-17,2017-11-16
278,Ord1248,4,2017-11-17,2017-11-18,2017-11-16
279,Ord1249,4,2017-11-18,2017-11-20,2017-11-17
280,Ord125,4,2016-03-19,2016-03-17,2016-03-16
281,Ord1250,4,2017-11-19,2017-11-18,2017-11-17
282,Ord1251,4,2017-11-19,2017-11-19,2017-11-17
283,Ord1252,4,2017-11-20,2017-11-21,2017-11-18
284,Ord1253,4,2017-11-21,2017-11-21,2017-11-18
285,Ord1254,4,2017-11-19,2017-11-19,2017-11-18
286,Ord1255,4,2017-11-20,2017-11-21,2017-11-19
287,Ord1256,4,2017-11-20,2017-11-22,2017-11-19
288,Ord1257,4,2017-11-22,2017-11-20,2017-11-19
289,Ord1258,4,2017-11-21,2017-11-22,2017-11-20
290,Ord1259,3,2017-11-21,NULL,2017-11-21
291,Ord126,4,2016-03-18,2016-03-18,2016-03-16
292,Ord1260,4,2017-11-23,2017-11-24,2017-11-22
293,Ord1261,4,2017-11-25,2017-11-24,2017-11-23
294,Ord1262,4,2017-11-26,2017-11-26,2017-11-23
295,Ord1263,4,2017-11-26,2017-11-26,2017-11-23
296,Ord1264,4,2017-11-27,2017-11-25,2017-11-24
297,Ord1265,4,2017-11-27,2017-11-27,2017-11-24
298,Ord1266,4,2017-11-28,2017-11-27,2017-11-25
299,Ord1267,4,2017-11-26,2017-11-26,2017-11-25
300,Ord1268,4,2017-11-28,2017-11-29,2017-11-26
301,Ord1269,4,2017-11-29,2017-11-29,2017-11-26
302,Ord127,4,2016-03-18,2016-03-19,2016-03-17
303,Ord1270,4,2017-11-29,2017-11-29,2017-11-26
304,Ord1271,4,2017-11-30,2017-11-30,2017-11-27
305,Ord1272,4,2017-11-29,2017-11-30,2017-11-27
306,Ord1273,4,2017-11-29,2017-11-29,2017-11-27
307,Ord1274,4,2017-11-29,2017-12-01,2017-11-28
308,Ord1275,4,2017-12-01,2017-11-30,2017-11-29
309,Ord1276,4,2017-12-03,2017-12-02,2017-11-30
310,Ord1277,4,2017-12-04,2017-12-02,2017-12-01
311,Ord1278,4,2017-12-02,2017-12-04,2017-12-01
312,Ord1279,4,2017-12-04,2017-12-03,2017-12-01
313,Ord128,4,2016-03-20,2016-03-21,2016-03-18
314,Ord1280,4,2017-12-03,2017-12-03,2017-12-01
315,Ord1281,4,2017-12-05,2017-12-05,2017-12-02
316,Ord1282,4,2017-12-05,2017-12-05,2017-12-03
317,Ord1283,4,2017-12-07,2017-12-07,2017-12-04
318,Ord1284,4,2017-12-06,2017-12-07,2017-12-04
319,Ord1285,4,2017-12-07,2017-12-07,2017-12-04
320,Ord1286,4,2017-12-07,2017-12-06,2017-12-04
321,Ord1287,4,2017-12-10,2017-12-09,2017-12-07
322,Ord1288,4,2017-12-10,2017-12-09,2017-12-07
323,Ord1289,4,2017-12-11,2017-12-10,2017-12-08
324,Ord129,4,2016-03-21,2016-03-21,2016-03-19
325,Ord1290,4,2017-12-10,2017-12-10,2017-12-08
326,Ord1291,4,2017-12-11,2017-12-12,2017-12-09
327,Ord1292,4,2017-12-13,2017-12-11,2017-12-10
328,Ord1293,4,2017-12-12,2017-12-11,2017-12-10
329,Ord1294,4,2017-12-13,2017-12-14,2017-12-11
330,Ord1295,4,2017-12-12,2017-12-14,2017-12-11
331,Ord1296,4,2017-12-17,2017-12-15,2017-12-14
332,Ord1297,4,2017-12-17,2017-12-16,2017-12-14
333,Ord1298,4,2017-12-17,2017-12-16,2017-12-14
334,Ord1299,4,2017-12-18,2017-12-16,2017-12-15
335,Ord13,4,2016-01-11,2016-01-11,2016-01-08
336,Ord130,4,2016-03-22,2016-03-20,2016-03-19
337,Ord1300,4,2017-12-17,2017-12-17,2017-12-15
338,Ord1301,4,2017-12-19,2017-12-19,2017-12-16
339,Ord1302,4,2017-12-18,2017-12-19,2017-12-16
340,Ord1303,4,2017-12-19,2017-12-18,2017-12-16
341,Ord1304,4,2017-12-17,2017-12-17,2017-12-16
342,Ord1305,4,2017-12-19,2017-12-18,2017-12-17
343,Ord1306,4,2017-12-21,2017-12-22,2017-12-20
344,Ord1307,4,2017-12-23,2017-12-25,2017-12-22
345,Ord1308,4,2017-12-24,2017-12-24,2017-12-22
346,Ord1309,4,2017-12-25,2017-12-24,2017-12-22
347,Ord131,4,2016-03-22,2016-03-20,2016-03-19
348,Ord1310,4,2017-12-25,2017-12-26,2017-12-24
349,Ord1311,4,2017-12-26,2017-12-27,2017-12-24
350,Ord1312,4,2017-12-28,2017-12-26,2017-12-25
351,Ord1313,4,2017-12-27,2017-12-27,2017-12-25
352,Ord1314,4,2017-12-26,2017-12-28,2017-12-25
353,Ord1315,4,2017-12-27,2017-12-28,2017-12-25
354,Ord1316,4,2017-12-29,2017-12-27,2017-12-26
355,Ord1317,4,2017-12-28,2017-12-29,2017-12-27
356,Ord1318,4,2017-12-30,2017-12-29,2017-12-27
357,Ord1319,4,2017-12-30,2017-12-30,2017-12-27
358,Ord132,4,2016-03-22,2016-03-23,2016-03-20
359,Ord1320,4,2017-12-30,2017-12-29,2017-12-28
360,Ord1321,4,2017-12-31,2017-12-31,2017-12-30
361,Ord1322,4,2018-01-03,2018-01-02,2017-12-31
362,Ord1323,4,2018-01-01,2018-01-01,2017-12-31
363,Ord1324,4,2018-01-04,2018-01-03,2018-01-01
364,Ord1325,4,2018-01-02,2018-01-03,2018-01-01
365,Ord1326,4,2018-01-03,2018-01-02,2018-01-01
366,Ord1327,4,2018-01-03,2018-01-05,2018-01-02
367,Ord1328,4,2018-01-03,2018-01-03,2018-01-02
368,Ord1329,4,2018-01-05,2018-01-06,2018-01-04
369,Ord133,4,2016-03-22,2016-03-21,2016-03-20
370,Ord1330,4,2018-01-05,2018-01-07,2018-01-04
371,Ord1331,4,2018-01-06,2018-01-08,2018-01-05
372,Ord1332,4,2018-01-07,2018-01-09,2018-01-06
373,Ord1333,4,2018-01-07,2018-01-07,2018-01-06
374,Ord1334,4,2018-01-09,2018-01-10,2018-01-07
375,Ord1335,4,2018-01-08,2018-01-08,2018-01-07
376,Ord1336,4,2018-01-10,2018-01-12,2018-01-09
377,Ord1337,4,2018-01-12,2018-01-12,2018-01-09
378,Ord1338,4,2018-01-11,2018-01-13,2018-01-10
379,Ord1339,4,2018-01-14,2018-01-13,2018-01-11
380,Ord134,4,2016-03-21,2016-03-21,2016-03-20
381,Ord1340,4,2018-01-13,2018-01-13,2018-01-12
382,Ord1341,4,2018-01-13,2018-01-14,2018-01-12
383,Ord1342,4,2018-01-13,2018-01-15,2018-01-12
384,Ord1343,4,2018-01-15,2018-01-14,2018-01-13
385,Ord1344,4,2018-01-16,2018-01-15,2018-01-13
386,Ord1345,4,2018-01-15,2018-01-15,2018-01-14
387,Ord1346,4,2018-01-15,2018-01-15,2018-01-14
388,Ord1347,4,2018-01-18,2018-01-18,2018-01-15
389,Ord1348,4,2018-01-17,2018-01-17,2018-01-15
390,Ord1349,4,2018-01-17,2018-01-16,2018-01-15
391,Ord135,4,2016-03-23,2016-03-23,2016-03-21
392,Ord1350,4,2018-01-18,2018-01-17,2018-01-15
393,Ord1351,4,2018-01-19,2018-01-19,2018-01-16
394,Ord1352,4,2018-01-18,2018-01-18,2018-01-16
395,Ord1353,4,2018-01-19,2018-01-18,2018-01-17
396,Ord1354,4,2018-01-20,2018-01-21,2018-01-19
397,Ord1355,4,2018-01-21,2018-01-20,2018-01-19
398,Ord1356,4,2018-01-21,2018-01-22,2018-01-19
399,Ord1357,4,2018-01-23,2018-01-21,2018-01-20
400,Ord1358,4,2018-01-23,2018-01-24,2018-01-21
401,Ord1359,4,2018-01-22,2018-01-22,2018-01-21
402,Ord136,4,2016-03-24,2016-03-23,2016-03-21
403,Ord1360,4,2018-01-25,2018-01-24,2018-01-22
404,Ord1361,4,2018-01-24,2018-01-23,2018-01-22
405,Ord1362,4,2018-01-24,2018-01-25,2018-01-23
406,Ord1363,4,2018-01-25,2018-01-25,2018-01-24
407,Ord1364,4,2018-01-28,2018-01-28,2018-01-25
408,Ord1365,4,2018-01-28,2018-01-27,2018-01-25
409,Ord1366,4,2018-01-27,2018-01-28,2018-01-26
410,Ord1367,4,2018-01-28,2018-01-28,2018-01-27
411,Ord1368,4,2018-01-28,2018-01-29,2018-01-27
412,Ord1369,4,2018-01-30,2018-01-30,2018-01-28
413,Ord137,4,2016-03-26,2016-03-25,2016-03-23
414,Ord1370,4,2018-01-29,2018-01-29,2018-01-28
415,Ord1371,4,2018-01-30,2018-02-01,2018-01-29
416,Ord1372,4,2018-02-01,2018-01-30,2018-01-29
417,Ord1373,4,2018-01-31,2018-01-31,2018-01-29
418,Ord1374,4,2018-02-01,2018-02-01,2018-01-30
419,Ord1375,4,2018-02-01,2018-02-01,2018-01-30
420,Ord1376,4,2018-02-02,2018-02-03,2018-02-01
421,Ord1377,4,2018-02-03,2018-02-03,2018-02-01
422,Ord1378,4,2018-02-05,2018-02-04,2018-02-02
423,Ord1379,4,2018-02-05,2018-02-05,2018-02-02
424,Ord138,4,2016-03-24,2016-03-25,2016-03-23
425,Ord1380,4,2018-02-08,2018-02-08,2018-02-05
426,Ord1381,4,2018-02-06,2018-02-08,2018-02-05
427,Ord1382,4,2018-02-09,2018-02-08,2018-02-06
428,Ord1383,4,2018-02-08,2018-02-08,2018-02-07
429,Ord1384,4,2018-02-10,2018-02-09,2018-02-08
430,Ord1385,4,2018-02-11,2018-02-09,2018-02-08
431,Ord1386,4,2018-02-10,2018-02-11,2018-02-09
432,Ord1387,4,2018-02-11,2018-02-11,2018-02-09
433,Ord1388,4,2018-02-12,2018-02-12,2018-02-09
434,Ord1389,4,2018-02-12,2018-02-14,2018-02-11
435,Ord139,4,2016-03-24,2016-03-26,2016-03-23
436,Ord1390,4,2018-02-13,2018-02-13,2018-02-12
437,Ord1391,4,2018-02-14,2018-02-14,2018-02-13
438,Ord1392,4,2018-02-14,2018-02-14,2018-02-13
439,Ord1393,4,2018-02-15,2018-02-15,2018-02-14
440,Ord1394,4,2018-02-16,2018-02-16,2018-02-14
441,Ord1395,4,2018-02-18,2018-02-16,2018-02-15
442,Ord1396,4,2018-02-18,2018-02-16,2018-02-15
443,Ord1397,4,2018-02-17,2018-02-16,2018-02-15
444,Ord1398,4,2018-02-19,2018-02-19,2018-02-16
445,Ord1399,4,2018-02-18,2018-02-18,2018-02-16
446,Ord14,4,2016-01-11,2016-01-12,2016-01-09
447,Ord140,4,2016-03-26,2016-03-26,2016-03-23
448,Ord1400,4,2018-02-18,2018-02-18,2018-02-17
449,Ord1401,4,2018-02-19,2018-02-20,2018-02-18
450,Ord1402,4,2018-02-21,2018-02-21,2018-02-19
451,Ord1403,4,2018-02-22,2018-02-22,2018-02-21
452,Ord1404,4,2018-02-26,2018-02-24,2018-02-23
453,Ord1405,4,2018-02-28,2018-02-27,2018-02-25
454,Ord1406,4,2018-02-27,2018-02-27,2018-02-25
455,Ord1407,3,2018-02-26,NULL,2018-02-26
456,Ord1408,4,2018-02-27,2018-03-01,2018-02-26
457,Ord1409,4,2018-02-28,2018-02-28,2018-02-26
458,Ord141,4,2016-03-27,2016-03-26,2016-03-25
459,Ord1410,4,2018-02-28,2018-02-28,2018-02-27
460,Ord1411,4,2018-03-02,2018-03-02,2018-03-01
461,Ord1412,4,2018-03-02,2018-03-04,2018-03-01
462,Ord1413,4,2018-03-03,2018-03-04,2018-03-01
463,Ord1414,4,2018-03-05,2018-03-06,2018-03-03
464,Ord1415,4,2018-03-04,2018-03-05,2018-03-03
465,Ord1416,4,2018-03-04,2018-03-06,2018-03-03
466,Ord1417,4,2018-03-06,2018-03-07,2018-03-04
467,Ord1418,4,2018-03-05,2018-03-07,2018-03-04
468,Ord1419,4,2018-03-07,2018-03-07,2018-03-04
469,Ord142,4,2016-03-27,2016-03-27,2016-03-26
470,Ord1420,4,2018-03-05,2018-03-07,2018-03-04
471,Ord1421,4,2018-03-07,2018-03-07,2018-03-05
472,Ord1422,4,2018-03-06,2018-03-08,2018-03-05
473,Ord1423,4,2018-03-07,2018-03-07,2018-03-06
474,Ord1424,4,2018-03-10,2018-03-10,2018-03-07
475,Ord1425,4,2018-03-09,2018-03-09,2018-03-07
476,Ord1426,4,2018-03-08,2018-03-10,2018-03-07
477,Ord1427,4,2018-03-08,2018-03-08,2018-03-07
478,Ord1428,4,2018-03-10,2018-03-11,2018-03-08
479,Ord1429,4,2018-03-09,2018-03-09,2018-03-08
480,Ord143,4,2016-03-28,2016-03-28,2016-03-26
481,Ord1430,4,2018-03-13,2018-03-11,2018-03-10
482,Ord1431,4,2018-03-12,2018-03-14,2018-03-11
483,Ord1432,4,2018-03-12,2018-03-14,2018-03-11
484,Ord1433,4,2018-03-13,2018-03-12,2018-03-11
485,Ord1434,4,2018-03-16,2018-03-16,2018-03-14
486,Ord1435,4,2018-03-15,2018-03-16,2018-03-14
487,Ord1436,4,2018-03-17,2018-03-16,2018-03-14
488,Ord1437,4,2018-03-16,2018-03-16,2018-03-15
489,Ord1438,4,2018-03-17,2018-03-16,2018-03-15
490,Ord1439,4,2018-03-16,2018-03-17,2018-03-15
491,Ord144,4,2016-03-29,2016-03-29,2016-03-26
492,Ord1440,4,2018-03-18,2018-03-16,2018-03-15
493,Ord1441,4,2018-03-16,2018-03-18,2018-03-15
494,Ord1442,4,2018-03-17,2018-03-17,2018-03-16
495,Ord1443,4,2018-03-17,2018-03-17,2018-03-16
496,Ord1444,4,2018-03-17,2018-03-19,2018-03-16
497,Ord1445,4,2018-03-18,2018-03-20,2018-03-17
498,Ord1446,4,2018-03-18,2018-03-18,2018-03-17
499,Ord1447,4,2018-03-20,2018-03-20,2018-03-18
500,Ord1448,4,2018-03-19,2018-03-21,2018-03-18
501,Ord1449,4,2018-03-19,2018-03-20,2018-03-18
502,Ord145,4,2016-03-29,2016-03-30,2016-03-27
503,Ord1450,4,2018-03-20,2018-03-22,2018-03-19
504,Ord1451,4,2018-03-22,2018-03-20,2018-03-19
505,Ord1452,4,2018-03-23,2018-03-23,2018-03-20
506,Ord1453,4,2018-03-23,2018-03-22,2018-03-20
507,Ord1454,4,2018-03-21,2018-03-22,2018-03-20
508,Ord1455,4,2018-03-22,2018-03-21,2018-03-20
509,Ord1456,4,2018-03-21,2018-03-23,2018-03-20
510,Ord1457,4,2018-03-23,2018-03-23,2018-03-20
511,Ord1458,4,2018-03-22,2018-03-21,2018-03-20
512,Ord1459,4,2018-03-22,2018-03-22,2018-03-21
513,Ord146,4,2016-03-30,2016-03-30,2016-03-28
514,Ord1460,4,2018-03-23,2018-03-23,2018-03-21
515,Ord1461,4,2018-03-25,2018-03-23,2018-03-22
516,Ord1462,4,2018-03-24,2018-03-24,2018-03-22
517,Ord1463,4,2018-03-24,2018-03-24,2018-03-23
518,Ord1464,4,2018-03-25,2018-03-25,2018-03-24
519,Ord1465,4,2018-03-28,2018-03-28,2018-03-25
520,Ord1466,4,2018-03-29,2018-03-28,2018-03-26
521,Ord1467,4,2018-03-27,2018-03-29,2018-03-26
522,Ord1468,4,2018-03-30,2018-03-29,2018-03-27
523,Ord1469,4,2018-03-28,2018-03-30,2018-03-27
524,Ord147,4,2016-03-31,2016-03-31,2016-03-28
525,Ord1470,4,2018-03-31,2018-03-31,2018-03-28
526,Ord1471,4,2018-03-30,2018-03-29,2018-03-28
527,Ord1472,4,2018-03-30,2018-03-31,2018-03-29
528,Ord1473,4,2018-04-01,2018-04-02,2018-03-30
529,Ord1474,4,2018-04-01,2018-04-02,2018-03-30
530,Ord1475,4,2018-04-01,2018-03-31,2018-03-30
531,Ord1476,4,2018-04-01,2018-04-01,2018-03-31
532,Ord1477,4,2018-04-03,2018-04-01,2018-03-31
533,Ord1478,4,2018-04-02,2018-04-02,2018-03-31
534,Ord1479,2,2018-04-01,NULL,2018-04-01
535,Ord148,4,2016-03-30,2016-03-30,2016-03-28
536,Ord1480,2,2018-04-01,NULL,2018-04-01
537,Ord1481,1,2018-04-01,NULL,2018-04-01
538,Ord1482,1,2018-04-01,NULL,2018-04-01
539,Ord1483,1,2018-04-02,NULL,2018-04-02
540,Ord1484,2,2018-04-02,NULL,2018-04-02
541,Ord1485,2,2018-04-02,NULL,2018-04-02
542,Ord1486,2,2018-04-02,NULL,2018-04-02
543,Ord1487,1,2018-04-03,NULL,2018-04-03
544,Ord1488,2,2018-04-03,NULL,2018-04-03
545,Ord1489,1,2018-04-03,NULL,2018-04-03
546,Ord149,4,2016-03-30,2016-03-29,2016-03-28
547,Ord1490,2,2018-04-03,NULL,2018-04-03
548,Ord1491,1,2018-04-04,NULL,2018-04-04
549,Ord1492,1,2018-04-04,NULL,2018-04-04
550,Ord1493,2,2018-04-04,NULL,2018-04-04
551,Ord1494,2,2018-04-05,NULL,2018-04-05
552,Ord1495,2,2018-04-05,NULL,2018-04-05
553,Ord1496,1,2018-04-06,NULL,2018-04-06
554,Ord1497,2,2018-04-06,NULL,2018-04-06
555,Ord1498,1,2018-04-06,NULL,2018-04-06
556,Ord1499,2,2018-04-06,NULL,2018-04-06
557,Ord15,4,2016-01-10,2016-01-12,2016-01-09
558,Ord150,4,2016-03-31,2016-04-01,2016-03-29
559,Ord1500,2,2018-04-06,NULL,2018-04-06
560,Ord1501,1,2018-04-06,NULL,2018-04-06
561,Ord1502,2,2018-04-06,NULL,2018-04-06
562,Ord1503,2,2018-04-07,NULL,2018-04-07
563,Ord1504,2,2018-04-08,NULL,2018-04-08
564,Ord1505,1,2018-04-08,NULL,2018-04-08
565,Ord1506,1,2018-04-08,NULL,2018-04-08
566,Ord1507,2,2018-04-08,NULL,2018-04-08
567,Ord1508,2,2018-04-08,NULL,2018-04-08
568,Ord1509,1,2018-04-09,NULL,2018-04-09
569,Ord151,4,2016-04-01,2016-03-31,2016-03-29
570,Ord1510,2,2018-04-09,NULL,2018-04-09
571,Ord1511,1,2018-04-09,NULL,2018-04-09
572,Ord1512,1,2018-04-09,NULL,2018-04-09
573,Ord1513,2,2018-04-10,NULL,2018-04-10
574,Ord1514,2,2018-04-10,NULL,2018-04-10
575,Ord1515,1,2018-04-10,NULL,2018-04-10
576,Ord1516,2,2018-04-11,NULL,2018-04-11
577,Ord1517,1,2018-04-11,NULL,2018-04-11
578,Ord1518,1,2018-04-11,NULL,2018-04-11
579,Ord1519,2,2018-04-11,NULL,2018-04-11
580,Ord152,4,2016-03-30,2016-03-30,2016-03-29
581,Ord1520,2,2018-04-11,NULL,2018-04-11
582,Ord1521,1,2018-04-12,NULL,2018-04-12
583,Ord1522,1,2018-04-12,NULL,2018-04-12
584,Ord1523,1,2018-04-12,NULL,2018-04-12
585,Ord1524,1,2018-04-12,NULL,2018-04-12
586,Ord1525,2,2018-04-12,NULL,2018-04-12
587,Ord1526,2,2018-04-12,NULL,2018-04-12
588,Ord1527,2,2018-04-12,NULL,2018-04-12
589,Ord1528,1,2018-04-12,NULL,2018-04-12
590,Ord1529,1,2018-04-12,NULL,2018-04-12
591,Ord153,4,2016-04-02,2016-04-01,2016-03-30
592,Ord1530,1,2018-04-13,NULL,2018-04-13
593,Ord1531,1,2018-04-13,NULL,2018-04-13
594,Ord1532,2,2018-04-13,NULL,2018-04-13
595,Ord1533,2,2018-04-13,NULL,2018-04-13
596,Ord1534,2,2018-04-14,NULL,2018-04-14
597,Ord1535,2,2018-04-14,NULL,2018-04-14
598,Ord1536,2,2018-04-14,NULL,2018-04-14
599,Ord1537,1,2018-04-15,NULL,2018-04-15
600,Ord1538,2,2018-04-15,NULL,2018-04-15
601,Ord1539,1,2018-04-15,NULL,2018-04-15
602,Ord154,4,2016-04-01,2016-04-01,2016-03-31
603,Ord1540,1,2018-04-16,NULL,2018-04-16
604,Ord1541,2,2018-04-16,NULL,2018-04-16
605,Ord1542,2,2018-04-16,NULL,2018-04-16
606,Ord1543,1,2018-04-16,NULL,2018-04-16
607,Ord1544,1,2018-04-17,NULL,2018-04-17
608,Ord1545,1,2018-04-17,NULL,2018-04-17
609,Ord1546,2,2018-04-17,NULL,2018-04-17
610,Ord1547,1,2018-04-17,NULL,2018-04-17
611,Ord1548,1,2018-04-17,NULL,2018-04-17
612,Ord1549,1,2018-04-17,NULL,2018-04-17
613,Ord155,4,2016-04-03,2016-04-04,2016-04-02
614,Ord1550,1,2018-04-17,NULL,2018-04-17
615,Ord1551,1,2018-04-17,NULL,2018-04-17
616,Ord1552,1,2018-04-17,NULL,2018-04-17
617,Ord1553,2,2018-04-18,NULL,2018-04-18
618,Ord1554,1,2018-04-18,NULL,2018-04-18
619,Ord1555,1,2018-04-18,NULL,2018-04-18
620,Ord1556,2,2018-04-18,NULL,2018-04-18
621,Ord1557,2,2018-04-19,NULL,2018-04-19
622,Ord1558,1,2018-04-19,NULL,2018-04-19
623,Ord1559,2,2018-04-20,NULL,2018-04-20
624,Ord156,4,2016-04-06,2016-04-05,2016-04-03
625,Ord1560,1,2018-04-20,NULL,2018-04-20
626,Ord1561,2,2018-04-20,NULL,2018-04-20
627,Ord1562,1,2018-04-20,NULL,2018-04-20
628,Ord1563,2,2018-04-20,NULL,2018-04-20
629,Ord1564,1,2018-04-21,NULL,2018-04-21
630,Ord1565,2,2018-04-21,NULL,2018-04-21
631,Ord1566,1,2018-04-21,NULL,2018-04-21
632,Ord1567,2,2018-04-21,NULL,2018-04-21
633,Ord1568,2,2018-04-21,NULL,2018-04-21
634,Ord1569,2,2018-04-22,NULL,2018-04-22
635,Ord157,4,2016-04-06,2016-04-06,2016-04-03
636,Ord1570,2,2018-04-22,NULL,2018-04-22
637,Ord1571,1,2018-04-22,NULL,2018-04-22
638,Ord1572,1,2018-04-22,NULL,2018-04-22
639,Ord1573,2,2018-04-23,NULL,2018-04-23
640,Ord1574,1,2018-04-23,NULL,2018-04-23
641,Ord1575,2,2018-04-23,NULL,2018-04-23
642,Ord1576,2,2018-04-23,NULL,2018-04-23
643,Ord1577,1,2018-04-23,NULL,2018-04-23
644,Ord1578,2,2018-04-23,NULL,2018-04-23
645,Ord1579,2,2018-04-24,NULL,2018-04-24
646,Ord158,3,2016-04-04,NULL,2016-04-04
647,Ord1580,2,2018-04-24,NULL,2018-04-24
648,Ord1581,2,2018-04-25,NULL,2018-04-25
649,Ord1582,1,2018-04-25,NULL,2018-04-25
650,Ord1583,1,2018-04-25,NULL,2018-04-25
651,Ord1584,2,2018-04-26,NULL,2018-04-26
652,Ord1585,1,2018-04-26,NULL,2018-04-26
653,Ord1586,1,2018-04-26,NULL,2018-04-26
654,Ord1587,2,2018-04-26,NULL,2018-04-26
655,Ord1588,1,2018-04-26,NULL,2018-04-26
656,Ord1589,2,2018-04-27,NULL,2018-04-27
657,Ord159,4,2016-04-06,2016-04-06,2016-04-04
658,Ord1590,1,2018-04-27,NULL,2018-04-27
659,Ord1591,2,2018-04-27,NULL,2018-04-27
660,Ord1592,2,2018-04-27,NULL,2018-04-27
661,Ord1593,1,2018-04-27,NULL,2018-04-27
662,Ord1594,1,2018-04-28,NULL,2018-04-28
663,Ord1595,2,2018-04-28,NULL,2018-04-28
664,Ord1596,2,2018-04-28,NULL,2018-04-28
665,Ord1597,1,2018-04-28,NULL,2018-04-28
666,Ord1598,2,2018-04-29,NULL,2018-04-29
667,Ord1599,1,2018-04-29,NULL,2018-04-29
668,Ord16,4,2016-01-15,2016-01-15,2016-01-12
669,Ord160,4,2016-04-06,2016-04-06,2016-04-04
670,Ord1600,1,2018-04-29,NULL,2018-04-29
671,Ord1601,1,2018-04-29,NULL,2018-04-29
672,Ord1602,1,2018-04-30,NULL,2018-04-30
673,Ord1603,2,2018-04-30,NULL,2018-04-30
674,Ord1604,3,2018-06-17,NULL,2018-06-17
675,Ord1605,3,2018-07-01,NULL,2018-07-01
676,Ord1606,3,2018-07-10,NULL,2018-07-10
677,Ord1607,3,2018-07-11,NULL,2018-07-11
678,Ord1608,3,2018-07-12,NULL,2018-07-12
679,Ord1609,3,2018-08-23,NULL,2018-08-23
680,Ord161,4,2016-04-07,2016-04-05,2016-04-04
681,Ord1610,3,2018-08-25,NULL,2018-08-25
682,Ord1611,3,2018-09-06,NULL,2018-09-06
683,Ord1612,3,2018-10-21,NULL,2018-10-21
684,Ord1613,3,2018-11-18,NULL,2018-11-18
685,Ord1614,3,2018-11-28,NULL,2018-11-28
686,Ord1615,3,2018-12-28,NULL,2018-12-28
687,Ord162,4,2016-04-08,2016-04-07,2016-04-06
688,Ord163,4,2016-04-07,2016-04-07,2016-04-06
689,Ord164,4,2016-04-08,2016-04-09,2016-04-07
690,Ord165,4,2016-04-10,2016-04-10,2016-04-08
691,Ord166,4,2016-04-11,2016-04-11,2016-04-08
692,Ord167,4,2016-04-09,2016-04-11,2016-04-08
693,Ord168,4,2016-04-12,2016-04-11,2016-04-09
694,Ord169,4,2016-04-11,2016-04-11,2016-04-10
695,Ord17,4,2016-01-14,2016-01-14,2016-01-12
696,Ord170,4,2016-04-11,2016-04-13,2016-04-10
697,Ord171,4,2016-04-14,2016-04-14,2016-04-11
698,Ord172,4,2016-04-12,2016-04-14,2016-04-11
699,Ord173,4,2016-04-14,2016-04-13,2016-04-11
700,Ord174,4,2016-04-13,2016-04-15,2016-04-12
701,Ord175,4,2016-04-14,2016-04-14,2016-04-13
702,Ord176,4,2016-04-16,2016-04-17,2016-04-15
703,Ord177,4,2016-04-19,2016-04-19,2016-04-16
704,Ord178,4,2016-04-17,2016-04-18,2016-04-16
705,Ord179,4,2016-04-19,2016-04-19,2016-04-17
706,Ord18,4,2016-01-17,2016-01-15,2016-01-14
707,Ord180,4,2016-04-20,2016-04-19,2016-04-17
708,Ord181,4,2016-04-20,2016-04-20,2016-04-18
709,Ord182,4,2016-04-19,2016-04-20,2016-04-18
710,Ord183,4,2016-04-20,2016-04-20,2016-04-19
711,Ord184,4,2016-04-21,2016-04-22,2016-04-19
712,Ord185,3,2016-04-20,NULL,2016-04-20
713,Ord186,4,2016-04-22,2016-04-24,2016-04-21
714,Ord187,4,2016-04-23,2016-04-24,2016-04-22
715,Ord188,4,2016-04-23,2016-04-25,2016-04-22
716,Ord189,4,2016-04-24,2016-04-26,2016-04-23
717,Ord19,4,2016-01-17,2016-01-16,2016-01-14
718,Ord190,4,2016-04-25,2016-04-25,2016-04-23
719,Ord191,4,2016-04-28,2016-04-28,2016-04-27
720,Ord192,4,2016-04-28,2016-04-29,2016-04-27
721,Ord193,4,2016-04-30,2016-04-30,2016-04-28
722,Ord194,4,2016-04-30,2016-05-01,2016-04-28
723,Ord195,4,2016-05-01,2016-05-01,2016-04-28
724,Ord196,4,2016-04-30,2016-05-01,2016-04-28
725,Ord197,4,2016-05-03,2016-05-03,2016-04-30
726,Ord198,4,2016-05-04,2016-05-03,2016-05-01
727,Ord199,4,2016-05-04,2016-05-04,2016-05-01
728,Ord2,4,2016-01-04,2016-01-03,2016-01-01
729,Ord20,4,2016-01-16,2016-01-17,2016-01-14
730,Ord200,4,2016-05-03,2016-05-03,2016-05-01
731,Ord201,4,2016-05-04,2016-05-02,2016-05-01
732,Ord202,4,2016-05-05,2016-05-04,2016-05-03
733,Ord203,4,2016-05-05,2016-05-06,2016-05-03
734,Ord204,4,2016-05-07,2016-05-06,2016-05-04
735,Ord205,4,2016-05-05,2016-05-06,2016-05-04
736,Ord206,4,2016-05-06,2016-05-05,2016-05-04
737,Ord207,4,2016-05-07,2016-05-07,2016-05-05
738,Ord208,4,2016-05-07,2016-05-09,2016-05-06
739,Ord209,4,2016-05-08,2016-05-08,2016-05-07
740,Ord21,4,2016-01-16,2016-01-18,2016-01-15
741,Ord210,4,2016-05-08,2016-05-09,2016-05-07
742,Ord211,4,2016-05-09,2016-05-08,2016-05-07
743,Ord212,4,2016-05-09,2016-05-11,2016-05-08
744,Ord213,4,2016-05-09,2016-05-09,2016-05-08
745,Ord214,4,2016-05-12,2016-05-11,2016-05-10
746,Ord215,4,2016-05-13,2016-05-12,2016-05-10
747,Ord216,4,2016-05-14,2016-05-13,2016-05-11
748,Ord217,4,2016-05-12,2016-05-14,2016-05-11
749,Ord218,4,2016-05-14,2016-05-14,2016-05-12
750,Ord219,4,2016-05-15,2016-05-15,2016-05-12
751,Ord22,4,2016-01-18,2016-01-17,2016-01-16
752,Ord220,4,2016-05-14,2016-05-15,2016-05-12
753,Ord221,4,2016-05-16,2016-05-14,2016-05-13
754,Ord222,4,2016-05-16,2016-05-14,2016-05-13
755,Ord223,4,2016-05-16,2016-05-17,2016-05-15
756,Ord224,4,2016-05-18,2016-05-19,2016-05-17
757,Ord225,4,2016-05-20,2016-05-19,2016-05-17
758,Ord226,4,2016-05-19,2016-05-20,2016-05-17
759,Ord227,4,2016-05-18,2016-05-20,2016-05-17
760,Ord228,4,2016-05-20,2016-05-20,2016-05-17
761,Ord229,4,2016-05-21,2016-05-20,2016-05-19
762,Ord23,4,2016-01-19,2016-01-19,2016-01-16
763,Ord230,4,2016-05-20,2016-05-21,2016-05-19
764,Ord231,4,2016-05-22,2016-05-21,2016-05-19
765,Ord232,4,2016-05-23,2016-05-23,2016-05-20
766,Ord233,4,2016-05-22,2016-05-24,2016-05-21
767,Ord234,4,2016-05-24,2016-05-24,2016-05-22
768,Ord235,4,2016-05-25,2016-05-25,2016-05-24
769,Ord236,4,2016-05-27,2016-05-26,2016-05-25
770,Ord237,4,2016-05-26,2016-05-27,2016-05-25
771,Ord238,4,2016-05-29,2016-05-29,2016-05-26
772,Ord239,3,2016-05-27,NULL,2016-05-27
773,Ord24,4,2016-01-20,2016-01-19,2016-01-18
774,Ord240,4,2016-05-29,2016-05-30,2016-05-27
775,Ord241,4,2016-05-29,2016-05-29,2016-05-27
776,Ord242,4,2016-05-30,2016-05-30,2016-05-27
777,Ord243,4,2016-05-30,2016-05-28,2016-05-27
778,Ord244,4,2016-05-29,2016-05-29,2016-05-28
779,Ord245,4,2016-05-31,2016-05-30,2016-05-29
780,Ord246,3,2016-05-30,NULL,2016-05-30
781,Ord247,4,2016-06-01,2016-06-01,2016-05-30
782,Ord248,4,2016-06-01,2016-05-31,2016-05-30
783,Ord249,4,2016-06-04,2016-06-04,2016-06-01
784,Ord25,4,2016-01-21,2016-01-21,2016-01-18
785,Ord250,4,2016-06-02,2016-06-04,2016-06-01
786,Ord251,4,2016-06-04,2016-06-04,2016-06-01
787,Ord252,4,2016-06-04,2016-06-02,2016-06-01
788,Ord253,4,2016-06-05,2016-06-05,2016-06-02
789,Ord254,4,2016-06-06,2016-06-05,2016-06-03
790,Ord255,4,2016-06-06,2016-06-05,2016-06-03
791,Ord256,4,2016-06-05,2016-06-07,2016-06-04
792,Ord257,4,2016-06-06,2016-06-08,2016-06-05
793,Ord258,4,2016-06-07,2016-06-07,2016-06-06
794,Ord259,4,2016-06-09,2016-06-09,2016-06-06
795,Ord26,4,2016-01-21,2016-01-19,2016-01-18
796,Ord260,4,2016-06-08,2016-06-08,2016-06-06
797,Ord261,4,2016-06-10,2016-06-09,2016-06-08
798,Ord262,4,2016-06-11,2016-06-10,2016-06-08
799,Ord263,4,2016-06-10,2016-06-12,2016-06-09
800,Ord264,3,2016-06-10,NULL,2016-06-10
801,Ord265,4,2016-06-12,2016-06-11,2016-06-10
802,Ord266,4,2016-06-13,2016-06-13,2016-06-10
803,Ord267,4,2016-06-14,2016-06-14,2016-06-11
804,Ord268,4,2016-06-14,2016-06-12,2016-06-11
805,Ord269,4,2016-06-13,2016-06-15,2016-06-12
806,Ord27,4,2016-01-21,2016-01-20,2016-01-19
807,Ord270,4,2016-06-15,2016-06-13,2016-06-12
808,Ord271,4,2016-06-16,2016-06-14,2016-06-13
809,Ord272,4,2016-06-18,2016-06-16,2016-06-15
810,Ord273,4,2016-06-19,2016-06-17,2016-06-16
811,Ord274,4,2016-06-20,2016-06-18,2016-06-17
812,Ord275,4,2016-06-19,2016-06-18,2016-06-17
813,Ord276,4,2016-06-19,2016-06-19,2016-06-18
814,Ord277,4,2016-06-20,2016-06-20,2016-06-19
815,Ord278,4,2016-06-23,2016-06-21,2016-06-20
816,Ord279,4,2016-06-22,2016-06-22,2016-06-21
817,Ord28,4,2016-01-20,2016-01-21,2016-01-19
818,Ord280,4,2016-06-22,2016-06-23,2016-06-21
819,Ord281,4,2016-06-22,2016-06-23,2016-06-21
820,Ord282,4,2016-06-25,2016-06-25,2016-06-22
821,Ord283,4,2016-06-26,2016-06-26,2016-06-23
822,Ord284,4,2016-06-25,2016-06-25,2016-06-23
823,Ord285,4,2016-06-26,2016-06-27,2016-06-25
824,Ord286,4,2016-06-26,2016-06-26,2016-06-25
825,Ord287,4,2016-06-26,2016-06-27,2016-06-25
826,Ord288,4,2016-06-28,2016-06-28,2016-06-25
827,Ord289,4,2016-06-28,2016-06-30,2016-06-27
828,Ord29,4,2016-01-22,2016-01-21,2016-01-20
829,Ord290,4,2016-06-29,2016-06-30,2016-06-28
830,Ord291,4,2016-06-30,2016-07-01,2016-06-29
831,Ord292,4,2016-06-30,2016-07-02,2016-06-29
832,Ord293,4,2016-07-03,2016-07-02,2016-06-30
833,Ord294,4,2016-07-02,2016-07-02,2016-07-01
834,Ord295,4,2016-07-04,2016-07-04,2016-07-01
835,Ord296,4,2016-07-07,2016-07-06,2016-07-04
836,Ord297,4,2016-07-05,2016-07-06,2016-07-04
837,Ord298,4,2016-07-07,2016-07-07,2016-07-04
838,Ord299,4,2016-07-06,2016-07-07,2016-07-05
839,Ord3,4,2016-01-05,2016-01-03,2016-01-02
840,Ord30,4,2016-01-21,2016-01-21,2016-01-20
841,Ord300,4,2016-07-08,2016-07-08,2016-07-05
842,Ord301,4,2016-07-09,2016-07-08,2016-07-06
843,Ord302,4,2016-07-07,2016-07-09,2016-07-06
844,Ord303,4,2016-07-08,2016-07-09,2016-07-07
845,Ord304,4,2016-07-08,2016-07-08,2016-07-07
846,Ord305,4,2016-07-08,2016-07-08,2016-07-07
847,Ord306,4,2016-07-10,2016-07-12,2016-07-09
848,Ord307,4,2016-07-11,2016-07-11,2016-07-09
849,Ord308,4,2016-07-12,2016-07-14,2016-07-11
850,Ord309,4,2016-07-13,2016-07-13,2016-07-11
851,Ord31,4,2016-01-22,2016-01-22,2016-01-20
852,Ord310,4,2016-07-13,2016-07-13,2016-07-12
853,Ord311,4,2016-07-14,2016-07-13,2016-07-12
854,Ord312,4,2016-07-15,2016-07-16,2016-07-13
855,Ord313,4,2016-07-15,2016-07-15,2016-07-14
856,Ord314,4,2016-07-17,2016-07-17,2016-07-15
857,Ord315,4,2016-07-19,2016-07-17,2016-07-16
858,Ord316,4,2016-07-20,2016-07-19,2016-07-17
859,Ord317,4,2016-07-20,2016-07-19,2016-07-17
860,Ord318,4,2016-07-19,2016-07-20,2016-07-17
861,Ord319,4,2016-07-21,2016-07-21,2016-07-18
862,Ord32,4,2016-01-24,2016-01-22,2016-01-21
863,Ord320,4,2016-07-20,2016-07-21,2016-07-19
864,Ord321,4,2016-07-22,2016-07-21,2016-07-19
865,Ord322,4,2016-07-22,2016-07-20,2016-07-19
866,Ord323,4,2016-07-22,2016-07-21,2016-07-19
867,Ord324,4,2016-07-22,2016-07-23,2016-07-20
868,Ord325,4,2016-07-21,2016-07-21,2016-07-20
869,Ord326,4,2016-07-21,2016-07-22,2016-07-20
870,Ord327,4,2016-07-24,2016-07-22,2016-07-21
871,Ord328,4,2016-07-26,2016-07-25,2016-07-23
872,Ord329,4,2016-07-27,2016-07-26,2016-07-24
873,Ord33,4,2016-01-22,2016-01-22,2016-01-21
874,Ord330,4,2016-07-27,2016-07-27,2016-07-24
875,Ord331,4,2016-07-26,2016-07-25,2016-07-24
876,Ord332,4,2016-07-26,2016-07-26,2016-07-24
877,Ord333,4,2016-07-27,2016-07-26,2016-07-25
878,Ord334,4,2016-07-28,2016-07-27,2016-07-25
879,Ord335,4,2016-07-27,2016-07-26,2016-07-25
880,Ord336,4,2016-07-29,2016-07-27,2016-07-26
881,Ord337,4,2016-07-27,2016-07-28,2016-07-26
882,Ord338,4,2016-07-29,2016-07-30,2016-07-28
883,Ord339,4,2016-07-31,2016-07-29,2016-07-28
884,Ord34,4,2016-01-25,2016-01-23,2016-01-22
885,Ord340,4,2016-07-30,2016-07-31,2016-07-29
886,Ord341,4,2016-08-03,2016-08-01,2016-07-31
887,Ord342,4,2016-08-01,2016-08-03,2016-07-31
888,Ord343,4,2016-08-02,2016-08-01,2016-07-31
889,Ord344,4,2016-08-03,2016-08-02,2016-08-01
890,Ord345,4,2016-08-04,2016-08-03,2016-08-01
891,Ord346,4,2016-08-03,2016-08-02,2016-08-01
892,Ord347,4,2016-08-03,2016-08-05,2016-08-02
893,Ord348,4,2016-08-05,2016-08-04,2016-08-02
894,Ord349,3,2016-08-03,NULL,2016-08-03
895,Ord35,4,2016-01-25,2016-01-24,2016-01-22
896,Ord350,3,2016-08-03,NULL,2016-08-03
897,Ord351,4,2016-08-06,2016-08-04,2016-08-03
898,Ord352,4,2016-08-04,2016-08-06,2016-08-03
899,Ord353,4,2016-08-06,2016-08-06,2016-08-03
900,Ord354,4,2016-08-05,2016-08-06,2016-08-03
901,Ord355,4,2016-08-05,2016-08-05,2016-08-03
902,Ord356,4,2016-08-07,2016-08-06,2016-08-04
903,Ord357,3,2016-08-05,NULL,2016-08-05
904,Ord358,4,2016-08-07,2016-08-07,2016-08-05
905,Ord359,4,2016-08-10,2016-08-10,2016-08-07
906,Ord36,4,2016-01-24,2016-01-24,2016-01-23
907,Ord360,4,2016-08-09,2016-08-10,2016-08-07
908,Ord361,4,2016-08-09,2016-08-11,2016-08-08
909,Ord362,4,2016-08-11,2016-08-11,2016-08-09
910,Ord363,4,2016-08-12,2016-08-13,2016-08-11
911,Ord364,4,2016-08-14,2016-08-13,2016-08-12
912,Ord365,4,2016-08-14,2016-08-15,2016-08-13
913,Ord366,4,2016-08-14,2016-08-14,2016-08-13
914,Ord367,4,2016-08-15,2016-08-15,2016-08-14
915,Ord368,4,2016-08-15,2016-08-17,2016-08-14
916,Ord369,4,2016-08-18,2016-08-18,2016-08-15
917,Ord37,4,2016-01-28,2016-01-26,2016-01-25
918,Ord370,4,2016-08-18,2016-08-18,2016-08-15
919,Ord371,4,2016-08-16,2016-08-18,2016-08-15
920,Ord372,4,2016-08-18,2016-08-18,2016-08-16
921,Ord373,4,2016-08-19,2016-08-17,2016-08-16
922,Ord374,4,2016-08-19,2016-08-18,2016-08-17
923,Ord375,4,2016-08-20,2016-08-20,2016-08-17
924,Ord376,4,2016-08-19,2016-08-18,2016-08-17
925,Ord377,4,2016-08-19,2016-08-20,2016-08-17
926,Ord378,4,2016-08-20,2016-08-20,2016-08-17
927,Ord379,4,2016-08-21,2016-08-21,2016-08-18
928,Ord38,4,2016-01-27,2016-01-26,2016-01-25
929,Ord380,4,2016-08-20,2016-08-21,2016-08-19
930,Ord381,4,2016-08-21,2016-08-21,2016-08-19
931,Ord382,4,2016-08-23,2016-08-23,2016-08-20
932,Ord383,4,2016-08-23,2016-08-22,2016-08-20
933,Ord384,4,2016-08-22,2016-08-23,2016-08-20
934,Ord385,4,2016-08-23,2016-08-22,2016-08-20
935,Ord386,4,2016-08-23,2016-08-23,2016-08-20
936,Ord387,4,2016-08-21,2016-08-21,2016-08-20
937,Ord388,4,2016-08-24,2016-08-23,2016-08-21
938,Ord389,4,2016-08-24,2016-08-25,2016-08-22
939,Ord39,4,2016-01-26,2016-01-26,2016-01-25
940,Ord390,4,2016-08-24,2016-08-25,2016-08-22
941,Ord391,3,2016-08-23,NULL,2016-08-23
942,Ord392,4,2016-08-26,2016-08-24,2016-08-23
943,Ord393,4,2016-08-26,2016-08-27,2016-08-25
944,Ord394,4,2016-08-28,2016-08-29,2016-08-26
945,Ord395,4,2016-08-27,2016-08-29,2016-08-26
946,Ord396,4,2016-08-30,2016-08-29,2016-08-27
947,Ord397,4,2016-08-31,2016-08-29,2016-08-28
948,Ord398,4,2016-08-30,2016-09-01,2016-08-29
949,Ord399,4,2016-09-01,2016-09-01,2016-08-29
950,Ord4,4,2016-01-04,2016-01-05,2016-01-03
951,Ord40,4,2016-01-28,2016-01-29,2016-01-27
952,Ord400,4,2016-08-30,2016-08-31,2016-08-29
953,Ord401,4,2016-09-02,2016-09-01,2016-08-30
954,Ord402,4,2016-09-01,2016-08-31,2016-08-30
955,Ord403,4,2016-09-01,2016-09-02,2016-08-31
956,Ord404,4,2016-09-03,2016-09-01,2016-08-31
957,Ord405,4,2016-09-01,2016-09-01,2016-08-31
958,Ord406,4,2016-09-02,2016-09-01,2016-08-31
959,Ord407,3,2016-09-01,NULL,2016-09-01
960,Ord408,4,2016-09-02,2016-09-02,2016-09-01
961,Ord409,4,2016-09-04,2016-09-04,2016-09-01
962,Ord41,4,2016-01-30,2016-01-29,2016-01-27
963,Ord410,4,2016-09-03,2016-09-02,2016-09-01
964,Ord411,4,2016-09-04,2016-09-04,2016-09-02
965,Ord412,4,2016-09-04,2016-09-04,2016-09-02
966,Ord413,4,2016-09-05,2016-09-03,2016-09-02
967,Ord414,4,2016-09-06,2016-09-06,2016-09-03
968,Ord415,4,2016-09-06,2016-09-06,2016-09-03
969,Ord416,4,2016-09-04,2016-09-06,2016-09-03
970,Ord417,4,2016-09-05,2016-09-06,2016-09-04
971,Ord418,4,2016-09-05,2016-09-05,2016-09-04
972,Ord419,4,2016-09-07,2016-09-06,2016-09-04
973,Ord42,4,2016-01-28,2016-01-30,2016-01-27
974,Ord420,4,2016-09-06,2016-09-07,2016-09-05
975,Ord421,4,2016-09-06,2016-09-08,2016-09-05
976,Ord422,4,2016-09-07,2016-09-09,2016-09-06
977,Ord423,4,2016-09-09,2016-09-09,2016-09-06
978,Ord424,4,2016-09-11,2016-09-11,2016-09-08
979,Ord425,4,2016-09-11,2016-09-11,2016-09-08
980,Ord426,4,2016-09-10,2016-09-10,2016-09-08
981,Ord427,4,2016-09-10,2016-09-11,2016-09-09
982,Ord428,4,2016-09-12,2016-09-10,2016-09-09
983,Ord429,4,2016-09-12,2016-09-12,2016-09-10
984,Ord43,4,2016-01-28,2016-01-30,2016-01-27
985,Ord430,4,2016-09-13,2016-09-12,2016-09-11
986,Ord431,4,2016-09-12,2016-09-12,2016-09-11
987,Ord432,4,2016-09-15,2016-09-14,2016-09-12
988,Ord433,4,2016-09-15,2016-09-13,2016-09-12
989,Ord434,4,2016-09-15,2016-09-14,2016-09-13
990,Ord435,4,2016-09-15,2016-09-16,2016-09-14
991,Ord436,4,2016-09-19,2016-09-19,2016-09-16
992,Ord437,4,2016-09-18,2016-09-18,2016-09-16
993,Ord438,4,2016-09-19,2016-09-18,2016-09-16
994,Ord439,4,2016-09-20,2016-09-18,2016-09-17
995,Ord44,4,2016-01-31,2016-01-30,2016-01-28
996,Ord440,4,2016-09-18,2016-09-19,2016-09-17
997,Ord441,4,2016-09-19,2016-09-19,2016-09-18
998,Ord442,4,2016-09-21,2016-09-21,2016-09-18
999,Ord443,4,2016-09-19,2016-09-20,2016-09-18
1000,Ord444,4,2016-09-20,2016-09-21,2016-09-19
