SK_Time,year,quarter,month,day_of_month,day_of_week
20160101,2016,1,1,1,Fri
20160102,2016,1,1,2,Sat
20160103,2016,1,1,3,Sun
20160104,2016,1,1,4,Mon
20160105,2016,1,1,5,Tue
20160106,2016,1,1,6,Wed
20160107,2016,1,1,7,Thu
20160108,2016,1,1,8,Fri
20160109,2016,1,1,9,Sat
20160110,2016,1,1,10,Sun
20160112,2016,1,1,12,Tue
20160114,2016,1,1,14,Thu
20160115,2016,1,1,15,Fri
20160116,2016,1,1,16,Sat
20160118,2016,1,1,18,Mon
20160119,2016,1,1,19,Tue
20160120,2016,1,1,20,Wed
20160121,2016,1,1,21,Thu
20160122,2016,1,1,22,Fri
20160123,2016,1,1,23,Sat
20160125,2016,1,1,25,Mon
20160127,2016,1,1,27,Wed
20160128,2016,1,1,28,Thu
20160129,2016,1,1,29,Fri
20160130,2016,1,1,30,Sat
20160131,2016,1,1,31,Sun
20160201,2016,1,2,1,Mon
20160203,2016,1,2,3,Wed
20160204,2016,1,2,4,Thu
20160205,2016,1,2,5,Fri
20160206,2016,1,2,6,Sat
20160207,2016,1,2,7,Sun
20160208,2016,1,2,8,Mon
20160209,2016,1,2,9,Tue
20160210,2016,1,2,10,Wed
20160211,2016,1,2,11,Thu
20160212,2016,1,2,12,Fri
20160213,2016,1,2,13,Sat
20160214,2016,1,2,14,Sun
20160216,2016,1,2,16,Tue
20160217,2016,1,2,17,Wed
20160218,2016,1,2,18,Thu
20160219,2016,1,2,19,Fri
20160220,2016,1,2,20,Sat
20160221,2016,1,2,21,Sun
20160223,2016,1,2,23,Tue
20160225,2016,1,2,25,Thu
20160226,2016,1,2,26,Fri
20160227,2016,1,2,27,Sat
20160228,2016,1,2,28,Sun
20160229,2016,1,2,29,Mon
20160301,2016,1,3,1,Tue
20160302,2016,1,3,2,Wed
20160303,2016,1,3,3,Thu
20160304,2016,1,3,4,Fri
20160305,2016,1,3,5,Sat
20160306,2016,1,3,6,Sun
20160307,2016,1,3,7,Mon
20160308,2016,1,3,8,Tue
20160309,2016,1,3,9,Wed
20160310,2016,1,3,10,Thu
20160311,2016,1,3,11,Fri
20160312,2016,1,3,12,Sat
20160314,2016,1,3,14,Mon
20160315,2016,1,3,15,Tue
20160316,2016,1,3,16,Wed
20160317,2016,1,3,17,Thu
20160318,2016,1,3,18,Fri
20160319,2016,1,3,19,Sat
20160320,2016,1,3,20,Sun
20160321,2016,1,3,21,Mon
20160323,2016,1,3,23,Wed
20160325,2016,1,3,25,Fri
20160326,2016,1,3,26,Sat
20160327,2016,1,3,27,Sun
20160328,2016,1,3,28,Mon
20160329,2016,1,3,29,Tue
20160330,2016,1,3,30,Wed
20160331,2016,1,3,31,Thu
20160401,2016,2,4,1,Fri
20160402,2016,2,4,2,Sat
20160403,2016,2,4,3,Sun
20160404,2016,2,4,4,Mon
20160405,2016,2,4,5,Tue
20160406,2016,2,4,6,Wed
20160407,2016,2,4,7,Thu
20160408,2016,2,4,8,Fri
20160409,2016,2,4,9,Sat
20160410,2016,2,4,10,Sun
20160411,2016,2,4,11,Mon
20160412,2016,2,4,12,Tue
20160413,2016,2,4,13,Wed
20160415,2016,2,4,15,Fri
20160416,2016,2,4,16,Sat
20160417,2016,2,4,17,Sun
20160418,2016,2,4,18,Mon
20160419,2016,2,4,19,Tue
20160420,2016,2,4,20,Wed
20160421,2016,2,4,21,Thu
20160422,2016,2,4,22,Fri
20160423,2016,2,4,23,Sat
20160427,2016,2,4,27,Wed
20160428,2016,2,4,28,Thu
20160430,2016,2,4,30,Sat
20160501,2016,2,5,1,Sun
20160502,2016,2,5,2,Mon
20160503,2016,2,5,3,Tue
20160504,2016,2,5,4,Wed
20160505,2016,2,5,5,Thu
20160506,2016,2,5,6,Fri
20160507,2016,2,5,7,Sat
20160508,2016,2,5,8,Sun
20160509,2016,2,5,9,Mon
20160510,2016,2,5,10,Tue
20160511,2016,2,5,11,Wed
20160512,2016,2,5,12,Thu
20160513,2016,2,5,13,Fri
20160515,2016,2,5,15,Sun
20160517,2016,2,5,17,Tue
20160519,2016,2,5,19,Thu
20160520,2016,2,5,20,Fri
20160521,2016,2,5,21,Sat
20160522,2016,2,5,22,Sun
20160524,2016,2,5,24,Tue
20160525,2016,2,5,25,Wed
20160526,2016,2,5,26,Thu
20160527,2016,2,5,27,Fri
20160528,2016,2,5,28,Sat
20160529,2016,2,5,29,Sun
20160530,2016,2,5,30,Mon
20160601,2016,2,6,1,Wed
20160602,2016,2,6,2,Thu
20160603,2016,2,6,3,Fri
20160604,2016,2,6,4,Sat
20160605,2016,2,6,5,Sun
20160606,2016,2,6,6,Mon
20160607,2016,2,6,7,Tue
20160608,2016,2,6,8,Wed
20160609,2016,2,6,9,Thu
20160610,2016,2,6,10,Fri
20160611,2016,2,6,11,Sat
20160612,2016,2,6,12,Sun
20160613,2016,2,6,13,Mon
20160615,2016,2,6,15,Wed
20160616,2016,2,6,16,Thu
20160617,2016,2,6,17,Fri
20160618,2016,2,6,18,Sat
20160619,2016,2,6,19,Sun
20160620,2016,2,6,20,Mon
20160621,2016,2,6,21,Tue
20160622,2016,2,6,22,Wed
20160623,2016,2,6,23,Thu
20160625,2016,2,6,25,Sat
20160627,2016,2,6,27,Mon
20160628,2016,2,6,28,Tue
20160629,2016,2,6,29,Wed
20160630,2016,2,6,30,Thu
20160701,2016,3,7,1,Fri
20160702,2016,3,7,2,Sat
20160703,2016,3,7,3,Sun
20160704,2016,3,7,4,Mon
20160705,2016,3,7,5,Tue
20160706,2016,3,7,6,Wed
20160707,2016,3,7,7,Thu
20160708,2016,3,7,8,Fri
20160709,2016,3,7,9,Sat
20160710,2016,3,7,10,Sun
20160711,2016,3,7,11,Mon
20160712,2016,3,7,12,Tue
20160713,2016,3,7,13,Wed
20160714,2016,3,7,14,Thu
20160715,2016,3,7,15,Fri
20160716,2016,3,7,16,Sat
20160717,2016,3,7,17,Sun
20160718,2016,3,7,18,Mon
20160719,2016,3,7,19,Tue
20160720,2016,3,7,20,Wed
20160721,2016,3,7,21,Thu
20160723,2016,3,7,23,Sat
20160724,2016,3,7,24,Sun
20160725,2016,3,7,25,Mon
20160726,2016,3,7,26,Tue
20160728,2016,3,7,28,Thu
20160729,2016,3,7,29,Fri
20160731,2016,3,7,31,Sun
20160801,2016,3,8,1,Mon
20160802,2016,3,8,2,Tue
20160803,2016,3,8,3,Wed
20160804,2016,3,8,4,Thu
20160805,2016,3,8,5,Fri
20160806,2016,3,8,6,Sat
20160807,2016,3,8,7,Sun
20160808,2016,3,8,8,Mon
20160809,2016,3,8,9,Tue
20160810,2016,3,8,10,Wed
20160811,2016,3,8,11,Thu
20160812,2016,3,8,12,Fri
20160813,2016,3,8,13,Sat
20160814,2016,3,8,14,Sun
20160815,2016,3,8,15,Mon
20160816,2016,3,8,16,Tue
20160817,2016,3,8,17,Wed
20160818,2016,3,8,18,Thu
20160819,2016,3,8,19,Fri
20160820,2016,3,8,20,Sat
20160821,2016,3,8,21,Sun
20160822,2016,3,8,22,Mon
20160823,2016,3,8,23,Tue
20160825,2016,3,8,25,Thu
20160826,2016,3,8,26,Fri
20160827,2016,3,8,27,Sat
20160828,2016,3,8,28,Sun
20160829,2016,3,8,29,Mon
20160830,2016,3,8,30,Tue
20160831,2016,3,8,31,Wed
20160901,2016,3,9,1,Thu
20160902,2016,3,9,2,Fri
20160903,2016,3,9,3,Sat
20160904,2016,3,9,4,Sun
20160905,2016,3,9,5,Mon
20160906,2016,3,9,6,Tue
20160907,2016,3,9,7,Wed
20160908,2016,3,9,8,Thu
20160909,2016,3,9,9,Fri
20160910,2016,3,9,10,Sat
20160911,2016,3,9,11,Sun
20160912,2016,3,9,12,Mon
20160913,2016,3,9,13,Tue
20160914,2016,3,9,14,Wed
20160916,2016,3,9,16,Fri
20160917,2016,3,9,17,Sat
20160918,2016,3,9,18,Sun
20160919,2016,3,9,19,Mon
20160920,2016,3,9,20,Tue
20160921,2016,3,9,21,Wed
20160922,2016,3,9,22,Thu
20160923,2016,3,9,23,Fri
20160924,2016,3,9,24,Sat
20160925,2016,3,9,25,Sun
20160926,2016,3,9,26,Mon
20160927,2016,3,9,27,Tue
20160928,2016,3,9,28,Wed
20160929,2016,3,9,29,Thu
20160930,2016,3,9,30,Fri
20161001,2016,4,10,1,Sat
20161002,2016,4,10,2,Sun
20161003,2016,4,10,3,Mon
20161004,2016,4,10,4,Tue
20161005,2016,4,10,5,Wed
20161006,2016,4,10,6,Thu
20161007,2016,4,10,7,Fri
20161008,2016,4,10,8,Sat
20161009,2016,4,10,9,Sun
20161010,2016,4,10,10,Mon
20161011,2016,4,10,11,Tue
20161012,2016,4,10,12,Wed
20161013,2016,4,10,13,Thu
20161014,2016,4,10,14,Fri
20161015,2016,4,10,15,Sat
20161016,2016,4,10,16,Sun
20161017,2016,4,10,17,Mon
20161018,2016,4,10,18,Tue
20161019,2016,4,10,19,Wed
20161021,2016,4,10,21,Fri
20161022,2016,4,10,22,Sat
20161023,2016,4,10,23,Sun
20161024,2016,4,10,24,Mon
20161025,2016,4,10,25,Tue
20161026,2016,4,10,26,Wed
20161027,2016,4,10,27,Thu
20161028,2016,4,10,28,Fri
20161029,2016,4,10,29,Sat
20161031,2016,4,10,31,Mon
20161102,2016,4,11,2,Wed
20161103,2016,4,11,3,Thu
20161104,2016,4,11,4,Fri
20161105,2016,4,11,5,Sat
20161106,2016,4,11,6,Sun
20161107,2016,4,11,7,Mon
20161108,2016,4,11,8,Tue
20161109,2016,4,11,9,Wed
20161110,2016,4,11,10,Thu
20161111,2016,4,11,11,Fri
20161112,2016,4,11,12,Sat
20161113,2016,4,11,13,Sun
20161114,2016,4,11,14,Mon
20161115,2016,4,11,15,Tue
20161116,2016,4,11,16,Wed
20161118,2016,4,11,18,Fri
20161119,2016,4,11,19,Sat
20161120,2016,4,11,20,Sun
20161121,2016,4,11,21,Mon
20161122,2016,4,11,22,Tue
20161123,2016,4,11,23,Wed
20161124,2016,4,11,24,Thu
20161126,2016,4,11,26,Sat
20161127,2016,4,11,27,Sun
20161130,2016,4,11,30,Wed
20161201,2016,4,12,1,Thu
20161202,2016,4,12,2,Fri
20161203,2016,4,12,3,Sat
20161204,2016,4,12,4,Sun
20161205,2016,4,12,5,Mon
20161206,2016,4,12,6,Tue
20161207,2016,4,12,7,Wed
20161208,2016,4,12,8,Thu
20161209,2016,4,12,9,Fri
20161210,2016,4,12,10,Sat
20161211,2016,4,12,11,Sun
20161212,2016,4,12,12,Mon
20161213,2016,4,12,13,Tue
20161215,2016,4,12,15,Thu
20161216,2016,4,12,16,Fri
20161217,2016,4,12,17,Sat
20161218,2016,4,12,18,Sun
20161219,2016,4,12,19,Mon
20161220,2016,4,12,20,Tue
20161221,2016,4,12,21,Wed
20161222,2016,4,12,22,Thu
20161223,2016,4,12,23,Fri
20161224,2016,4,12,24,Sat
20161225,2016,4,12,25,Sun
20161226,2016,4,12,26,Mon
20161227,2016,4,12,27,Tue
20161228,2016,4,12,28,Wed
20161229,2016,4,12,29,Thu
20161230,2016,4,12,30,Fri
20170102,2017,1,1,2,Mon
20170103,2017,1,1,3,Tue
20170104,2017,1,1,4,Wed
20170105,2017,1,1,5,Thu
20170106,2017,1,1,6,Fri
20170107,2017,1,1,7,Sat
20170108,2017,1,1,8,Sun
20170109,2017,1,1,9,Mon
20170110,2017,1,1,10,Tue
20170111,2017,1,1,11,Wed
20170112,2017,1,1,12,Thu
20170114,2017,1,1,14,Sat
20170116,2017,1,1,16,Mon
20170117,2017,1,1,17,Tue
20170118,2017,1,1,18,Wed
20170119,2017,1,1,19,Thu
20170120,2017,1,1,20,Fri
20170121,2017,1,1,21,Sat
20170122,2017,1,1,22,Sun
20170123,2017,1,1,23,Mon
20170124,2017,1,1,24,Tue
20170125,2017,1,1,25,Wed
20170126,2017,1,1,26,Thu
20170127,2017,1,1,27,Fri
20170128,2017,1,1,28,Sat
20170129,2017,1,1,29,Sun
20170131,2017,1,1,31,Tue
20170201,2017,1,2,1,Wed
20170202,2017,1,2,2,Thu
20170203,2017,1,2,3,Fri
20170204,2017,1,2,4,Sat
20170205,2017,1,2,5,Sun
20170206,2017,1,2,6,Mon
20170207,2017,1,2,7,Tue
20170208,2017,1,2,8,Wed
20170209,2017,1,2,9,Thu
20170210,2017,1,2,10,Fri
20170211,2017,1,2,11,Sat
20170212,2017,1,2,12,Sun
20170213,2017,1,2,13,Mon
20170214,2017,1,2,14,Tue
20170215,2017,1,2,15,Wed
20170216,2017,1,2,16,Thu
20170218,2017,1,2,18,Sat
20170219,2017,1,2,19,Sun
20170220,2017,1,2,20,Mon
20170221,2017,1,2,21,Tue
20170225,2017,1,2,25,Sat
20170226,2017,1,2,26,Sun
20170227,2017,1,2,27,Mon
20170228,2017,1,2,28,Tue
20170301,2017,1,3,1,Wed
20170302,2017,1,3,2,Thu
20170303,2017,1,3,3,Fri
20170304,2017,1,3,4,Sat
20170305,2017,1,3,5,Sun
20170306,2017,1,3,6,Mon
20170307,2017,1,3,7,Tue
20170308,2017,1,3,8,Wed
20170309,2017,1,3,9,Thu
20170310,2017,1,3,10,Fri
20170311,2017,1,3,11,Sat
20170312,2017,1,3,12,Sun
20170313,2017,1,3,13,Mon
20170315,2017,1,3,15,Wed
20170316,2017,1,3,16,Thu
20170318,2017,1,3,18,Sat
20170319,2017,1,3,19,Sun
20170320,2017,1,3,20,Mon
20170322,2017,1,3,22,Wed
20170323,2017,1,3,23,Thu
20170324,2017,1,3,24,Fri
20170326,2017,1,3,26,Sun
20170327,2017,1,3,27,Mon
20170328,2017,1,3,28,Tue
20170329,2017,1,3,29,Wed
20170330,2017,1,3,30,Thu
20170331,2017,1,3,31,Fri
20170401,2017,2,4,1,Sat
20170402,2017,2,4,2,Sun
20170403,2017,2,4,3,Mon
20170404,2017,2,4,4,Tue
20170405,2017,2,4,5,Wed
20170406,2017,2,4,6,Thu
20170407,2017,2,4,7,Fri
20170408,2017,2,4,8,Sat
20170409,2017,2,4,9,Sun
20170410,2017,2,4,10,Mon
20170411,2017,2,4,11,Tue
20170412,2017,2,4,12,Wed
20170413,2017,2,4,13,Thu
20170414,2017,2,4,14,Fri
20170415,2017,2,4,15,Sat
20170416,2017,2,4,16,Sun
20170417,2017,2,4,17,Mon
20170418,2017,2,4,18,Tue
20170419,2017,2,4,19,Wed
20170420,2017,2,4,20,Thu
20170421,2017,2,4,21,Fri
20170422,2017,2,4,22,Sat
20170423,2017,2,4,23,Sun
20170424,2017,2,4,24,Mon
20170425,2017,2,4,25,Tue
20170427,2017,2,4,27,Thu
20170428,2017,2,4,28,Fri
20170429,2017,2,4,29,Sat
20170501,2017,2,5,1,Mon
20170502,2017,2,5,2,Tue
20170503,2017,2,5,3,Wed
20170504,2017,2,5,4,Thu
20170505,2017,2,5,5,Fri
20170506,2017,2,5,6,Sat
20170507,2017,2,5,7,Sun
20170508,2017,2,5,8,Mon
20170509,2017,2,5,9,Tue
20170510,2017,2,5,10,Wed
20170511,2017,2,5,11,Thu
20170513,2017,2,5,13,Sat
20170514,2017,2,5,14,Sun
20170515,2017,2,5,15,Mon
20170516,2017,2,5,16,Tue
20170518,2017,2,5,18,Thu
20170519,2017,2,5,19,Fri
20170520,2017,2,5,20,Sat
20170521,2017,2,5,21,Sun
20170522,2017,2,5,22,Mon
20170523,2017,2,5,23,Tue
20170524,2017,2,5,24,Wed
20170525,2017,2,5,25,Thu
20170526,2017,2,5,26,Fri
20170527,2017,2,5,27,Sat
20170528,2017,2,5,28,Sun
20170529,2017,2,5,29,Mon
20170530,2017,2,5,30,Tue
20170531,2017,2,5,31,Wed
20170601,2017,2,6,1,Thu
20170602,2017,2,6,2,Fri
20170603,2017,2,6,3,Sat
20170604,2017,2,6,4,Sun
20170605,2017,2,6,5,Mon
20170607,2017,2,6,7,Wed
20170608,2017,2,6,8,Thu
20170609,2017,2,6,9,Fri
20170610,2017,2,6,10,Sat
20170611,2017,2,6,11,Sun
20170612,2017,2,6,12,Mon
20170613,2017,2,6,13,Tue
20170614,2017,2,6,14,Wed
20170615,2017,2,6,15,Thu
20170616,2017,2,6,16,Fri
20170617,2017,2,6,17,Sat
20170618,2017,2,6,18,Sun
20170619,2017,2,6,19,Mon
20170620,2017,2,6,20,Tue
20170621,2017,2,6,21,Wed
20170622,2017,2,6,22,Thu
20170623,2017,2,6,23,Fri
20170624,2017,2,6,24,Sat
20170625,2017,2,6,25,Sun
20170626,2017,2,6,26,Mon
20170627,2017,2,6,27,Tue
20170630,2017,2,6,30,Fri
20170701,2017,3,7,1,Sat
20170702,2017,3,7,2,Sun
20170703,2017,3,7,3,Mon
20170704,2017,3,7,4,Tue
20170705,2017,3,7,5,Wed
20170706,2017,3,7,6,Thu
20170707,2017,3,7,7,Fri
20170708,2017,3,7,8,Sat
20170709,2017,3,7,9,Sun
20170710,2017,3,7,10,Mon
20170711,2017,3,7,11,Tue
20170712,2017,3,7,12,Wed
20170713,2017,3,7,13,Thu
20170714,2017,3,7,14,Fri
20170715,2017,3,7,15,Sat
20170716,2017,3,7,16,Sun
20170718,2017,3,7,18,Tue
20170719,2017,3,7,19,Wed
20170720,2017,3,7,20,Thu
20170722,2017,3,7,22,Sat
20170723,2017,3,7,23,Sun
20170726,2017,3,7,26,Wed
20170727,2017,3,7,27,Thu
20170729,2017,3,7,29,Sat
20170730,2017,3,7,30,Sun
20170731,2017,3,7,31,Mon
20170801,2017,3,8,1,Tue
20170802,2017,3,8,2,Wed
20170803,2017,3,8,3,Thu
20170804,2017,3,8,4,Fri
20170805,2017,3,8,5,Sat
20170806,2017,3,8,6,Sun
20170807,2017,3,8,7,Mon
20170808,2017,3,8,8,Tue
20170809,2017,3,8,9,Wed
20170810,2017,3,8,10,Thu
20170811,2017,3,8,11,Fri
20170812,2017,3,8,12,Sat
20170813,2017,3,8,13,Sun
20170814,2017,3,8,14,Mon
20170815,2017,3,8,15,Tue
20170816,2017,3,8,16,Wed
20170817,2017,3,8,17,Thu
20170818,2017,3,8,18,Fri
20170819,2017,3,8,19,Sat
20170820,2017,3,8,20,Sun
20170821,2017,3,8,21,Mon
20170822,2017,3,8,22,Tue
20170823,2017,3,8,23,Wed
20170824,2017,3,8,24,Thu
20170825,2017,3,8,25,Fri
20170826,2017,3,8,26,Sat
20170827,2017,3,8,27,Sun
20170828,2017,3,8,28,Mon
20170829,2017,3,8,29,Tue
20170831,2017,3,8,31,Thu
20170901,2017,3,9,1,Fri
20170902,2017,3,9,2,Sat
20170903,2017,3,9,3,Sun
20170904,2017,3,9,4,Mon
20170905,2017,3,9,5,Tue
20170906,2017,3,9,6,Wed
20170907,2017,3,9,7,Thu
20170908,2017,3,9,8,Fri
20170910,2017,3,9,10,Sun
20170911,2017,3,9,11,Mon
20170912,2017,3,9,12,Tue
20170913,2017,3,9,13,Wed
20170914,2017,3,9,14,Thu
20170915,2017,3,9,15,Fri
20170917,2017,3,9,17,Sun
20170918,2017,3,9,18,Mon
20170919,2017,3,9,19,Tue
20170920,2017,3,9,20,Wed
20170921,2017,3,9,21,Thu
20170922,2017,3,9,22,Fri
20170923,2017,3,9,23,Sat
20170924,2017,3,9,24,Sun
20170925,2017,3,9,25,Mon
20170927,2017,3,9,27,Wed
20170928,2017,3,9,28,Thu
20170929,2017,3,9,29,Fri
20170930,2017,3,9,30,Sat
20171001,2017,4,10,1,Sun
20171002,2017,4,10,2,Mon
20171003,2017,4,10,3,Tue
20171004,2017,4,10,4,Wed
20171005,2017,4,10,5,Thu
20171006,2017,4,10,6,Fri
20171007,2017,4,10,7,Sat
20171008,2017,4,10,8,Sun
20171009,2017,4,10,9,Mon
20171010,2017,4,10,10,Tue
20171011,2017,4,10,11,Wed
20171012,2017,4,10,12,Thu
20171013,2017,4,10,13,Fri
20171014,2017,4,10,14,Sat
20171015,2017,4,10,15,Sun
20171016,2017,4,10,16,Mon
20171017,2017,4,10,17,Tue
20171019,2017,4,10,19,Thu
20171021,2017,4,10,21,Sat
20171022,2017,4,10,22,Sun
20171023,2017,4,10,23,Mon
20171024,2017,4,10,24,Tue
20171025,2017,4,10,25,Wed
20171026,2017,4,10,26,Thu
20171027,2017,4,10,27,Fri
20171028,2017,4,10,28,Sat
20171030,2017,4,10,30,Mon
20171031,2017,4,10,31,Tue
20171101,2017,4,11,1,Wed
20171102,2017,4,11,2,Thu
20171103,2017,4,11,3,Fri
20171104,2017,4,11,4,Sat
20171105,2017,4,11,5,Sun
20171106,2017,4,11,6,Mon
20171107,2017,4,11,7,Tue
20171108,2017,4,11,8,Wed
20171109,2017,4,11,9,Thu
20171110,2017,4,11,10,Fri
20171111,2017,4,11,11,Sat
20171112,2017,4,11,12,Sun
20171113,2017,4,11,13,Mon
20171116,2017,4,11,16,Thu
20171117,2017,4,11,17,Fri
20171118,2017,4,11,18,Sat
20171119,2017,4,11,19,Sun
20171120,2017,4,11,20,Mon
20171121,2017,4,11,21,Tue
20171122,2017,4,11,22,Wed
20171123,2017,4,11,23,Thu
20171124,2017,4,11,24,Fri
20171125,2017,4,11,25,Sat
20171126,2017,4,11,26,Sun
20171127,2017,4,11,27,Mon
20171128,2017,4,11,28,Tue
20171129,2017,4,11,29,Wed
20171130,2017,4,11,30,Thu
20171201,2017,4,12,1,Fri
20171202,2017,4,12,2,Sat
20171203,2017,4,12,3,Sun
20171204,2017,4,12,4,Mon
20171206,2017,4,12,6,Wed
20171207,2017,4,12,7,Thu
20171208,2017,4,12,8,Fri
20171209,2017,4,12,9,Sat
20171210,2017,4,12,10,Sun
20171211,2017,4,12,11,Mon
20171214,2017,4,12,14,Thu
20171215,2017,4,12,15,Fri
20171216,2017,4,12,16,Sat
20171217,2017,4,12,17,Sun
20171220,2017,4,12,20,Wed
20171222,2017,4,12,22,Fri
20171224,2017,4,12,24,Sun
20171225,2017,4,12,25,Mon
20171226,2017,4,12,26,Tue
20171227,2017,4,12,27,Wed
20171228,2017,4,12,28,Thu
20171230,2017,4,12,30,Sat
20171231,2017,4,12,31,Sun
20180101,2018,1,1,1,Mon
20180102,2018,1,1,2,Tue
20180103,2018,1,1,3,Wed
20180104,2018,1,1,4,Thu
20180105,2018,1,1,5,Fri
20180106,2018,1,1,6,Sat
20180107,2018,1,1,7,Sun
20180109,2018,1,1,9,Tue
20180110,2018,1,1,10,Wed
20180111,2018,1,1,11,Thu
20180112,2018,1,1,12,Fri
20180113,2018,1,1,13,Sat
20180114,2018,1,1,14,Sun
20180115,2018,1,1,15,Mon
20180116,2018,1,1,16,Tue
20180117,2018,1,1,17,Wed
20180119,2018,1,1,19,Fri
20180120,2018,1,1,20,Sat
20180121,2018,1,1,21,Sun
20180122,2018,1,1,22,Mon
20180123,2018,1,1,23,Tue
20180124,2018,1,1,24,Wed
20180125,2018,1,1,25,Thu
20180126,2018,1,1,26,Fri
20180127,2018,1,1,27,Sat
20180128,2018,1,1,28,Sun
20180129,2018,1,1,29,Mon
20180130,2018,1,1,30,Tue
20180201,2018,1,2,1,Thu
20180202,2018,1,2,2,Fri
20180204,2018,1,2,4,Sun
20180205,2018,1,2,5,Mon
20180206,2018,1,2,6,Tue
20180207,2018,1,2,7,Wed
20180208,2018,1,2,8,Thu
20180209,2018,1,2,9,Fri
20180211,2018,1,2,11,Sun
20180212,2018,1,2,12,Mon
20180213,2018,1,2,13,Tue
20180214,2018,1,2,14,Wed
20180215,2018,1,2,15,Thu
20180216,2018,1,2,16,Fri
20180217,2018,1,2,17,Sat
20180218,2018,1,2,18,Sun
20180219,2018,1,2,19,Mon
20180221,2018,1,2,21,Wed
20180223,2018,1,2,23,Fri
20180225,2018,1,2,25,Sun
20180226,2018,1,2,26,Mon
20180227,2018,1,2,27,Tue
20180301,2018,1,3,1,Thu
20180303,2018,1,3,3,Sat
20180304,2018,1,3,4,Sun
20180305,2018,1,3,5,Mon
20180306,2018,1,3,6,Tue
20180307,2018,1,3,7,Wed
20180308,2018,1,3,8,Thu
20180310,2018,1,3,10,Sat
20180311,2018,1,3,11,Sun
20180314,2018,1,3,14,Wed
20180315,2018,1,3,15,Thu
20180316,2018,1,3,16,Fri
20180317,2018,1,3,17,Sat
20180318,2018,1,3,18,Sun
20180319,2018,1,3,19,Mon
20180320,2018,1,3,20,Tue
20180321,2018,1,3,21,Wed
20180322,2018,1,3,22,Thu
20180323,2018,1,3,23,Fri
20180324,2018,1,3,24,Sat
20180325,2018,1,3,25,Sun
20180326,2018,1,3,26,Mon
20180327,2018,1,3,27,Tue
20180328,2018,1,3,28,Wed
20180329,2018,1,3,29,Thu
20180330,2018,1,3,30,Fri
20180331,2018,1,3,31,Sat
20180401,2018,2,4,1,Sun
20180402,2018,2,4,2,Mon
20180403,2018,2,4,3,Tue
20180404,2018,2,4,4,Wed
20180405,2018,2,4,5,Thu
20180406,2018,2,4,6,Fri
20180407,2018,2,4,7,Sat
20180408,2018,2,4,8,Sun
20180409,2018,2,4,9,Mon
20180410,2018,2,4,10,Tue
20180411,2018,2,4,11,Wed
20180412,2018,2,4,12,Thu
20180413,2018,2,4,13,Fri
20180414,2018,2,4,14,Sat
20180415,2018,2,4,15,Sun
20180416,2018,2,4,16,Mon
20180417,2018,2,4,17,Tue
20180418,2018,2,4,18,Wed
20180419,2018,2,4,19,Thu
20180420,2018,2,4,20,Fri
20180421,2018,2,4,21,Sat
20180422,2018,2,4,22,Sun
20180423,2018,2,4,23,Mon
20180424,2018,2,4,24,Tue
20180425,2018,2,4,25,Wed
20180426,2018,2,4,26,Thu
20180427,2018,2,4,27,Fri
20180428,2018,2,4,28,Sat
20180429,2018,2,4,29,Sun
20180430,2018,2,4,30,Mon
20180501,2018,2,5,1,Tue
20180502,2018,2,5,2,Wed
20180503,2018,2,5,3,Thu
20180504,2018,2,5,4,Fri
20180601,2018,2,6,1,Fri
20180602,2018,2,6,2,Sat
20180603,2018,2,6,3,Sun
20180604,2018,2,6,4,Mon
20180609,2018,2,6,9,Sat
20180617,2018,2,6,17,Sun
20180701,2018,3,7,1,Sun
20180702,2018,3,7,2,Mon
20180703,2018,3,7,3,Tue
20180704,2018,3,7,4,Wed
20180710,2018,3,7,10,Tue
20180711,2018,3,7,11,Wed
20180712,2018,3,7,12,Thu
20180802,2018,3,8,2,Thu
20180803,2018,3,8,3,Fri
20180804,2018,3,8,4,Sat
20180823,2018,3,8,23,Thu
20180825,2018,3,8,25,Sat
20180901,2018,3,9,1,Sat
20180902,2018,3,9,2,Sun
20180904,2018,3,9,4,Tue
20180906,2018,3,9,6,Thu
20181001,2018,4,10,1,Mon
20181003,2018,4,10,3,Wed
20181004,2018,4,10,4,Thu
20181007,2018,4,10,7,Sun
20181021,2018,4,10,21,Sun
20181101,2018,4,11,1,Thu
20181102,2018,4,11,2,Fri
20181103,2018,4,11,3,Sat
20181104,2018,4,11,4,Sun
20181107,2018,4,11,7,Wed
20181118,2018,4,11,18,Sun
20181128,2018,4,11,28,Wed
20181201,2018,4,12,1,Sat
20181202,2018,4,12,2,Sun
20181204,2018,4,12,4,Tue
20181207,2018,4,12,7,Fri
20181228,2018,4,12,28,Fri
20181229,2016,1,1,NULL,Fri
20181230,2016,1,1,NULL,Sat
20181231,2016,1,1,NULL,Sun
20181232,2016,1,1,NULL,Tue
20181233,2016,1,1,NULL,Wed
20181234,2016,1,1,NULL,Thu
20181235,2016,1,1,NULL,Fri
20181236,2016,1,1,NULL,Sat
20181237,2016,1,1,NULL,Sun
20181238,2016,1,1,NULL,Thu
20181239,2016,1,1,NULL,Fri
20181240,2016,1,1,NULL,Sat
20181241,2016,1,1,NULL,Mon
20181242,2016,1,1,NULL,Tue
20181243,2016,1,1,NULL,Wed
20181244,2016,1,1,NULL,Thu
20181245,2016,1,1,NULL,Fri
20181246,2016,1,1,NULL,Sat
20181247,2016,1,1,NULL,Mon
20181248,2016,1,1,NULL,Wed
20181249,2016,1,1,NULL,Thu
20181250,2016,1,1,NULL,Fri
20181251,2016,1,1,NULL,Sat
20181252,2016,1,1,NULL,Sun
20181253,2016,1,2,NULL,Mon
20181254,2016,1,2,NULL,Wed
20181255,2016,1,2,NULL,Thu
20181256,2016,1,2,NULL,Sat
20181257,2016,1,2,NULL,Mon
20181258,2016,1,2,NULL,Tue
20181259,2016,1,2,NULL,Wed
20181260,2016,1,2,NULL,Thu
20181261,2016,1,2,NULL,Sat
20181262,2016,1,2,NULL,Sun
20181263,2016,1,2,NULL,Tue
20181264,2016,1,2,NULL,Wed
20181265,2016,1,2,NULL,Thu
20181266,2016,1,2,NULL,Fri
20181267,2016,1,2,NULL,Sat
20181268,2016,1,2,NULL,Sun
20181269,2016,1,2,NULL,Tue
20181270,2016,1,2,NULL,Thu
20181271,2016,1,2,NULL,Fri
20181272,2016,1,2,NULL,Sat
20181273,2016,1,2,NULL,Sun
20181274,2016,1,2,NULL,Mon
20181275,2016,1,3,NULL,Tue
20181276,2016,1,3,NULL,Wed
20181277,2016,1,3,NULL,Thu
20181278,2016,1,3,NULL,Fri
20181279,2016,1,3,NULL,Sat
20181280,2016,1,3,NULL,Sun
20181281,2016,1,3,NULL,Tue
20181282,2016,1,3,NULL,Wed
20181283,2016,1,3,NULL,Thu
20181284,2016,1,3,NULL,Fri
20181285,2016,1,3,NULL,Sat
20181286,2016,1,3,NULL,Mon
20181287,2016,1,3,NULL,Tue
20181288,2016,1,3,NULL,Wed
20181289,2016,1,3,NULL,Thu
20181290,2016,1,3,NULL,Fri
20181291,2016,1,3,NULL,Sat
20181292,2016,1,3,NULL,Sun
20181293,2016,1,3,NULL,Mon
20181294,2016,1,3,NULL,Wed
20181295,2016,1,3,NULL,Fri
20181296,2016,1,3,NULL,Sat
20181297,2016,1,3,NULL,Sun
20181298,2016,1,3,NULL,Mon
20181299,2016,1,3,NULL,Tue
20181300,2016,1,3,NULL,Wed
20181301,2016,1,3,NULL,Thu
20181302,2016,2,4,NULL,Fri
20181303,2016,2,4,NULL,Sat
20181304,2016,2,4,NULL,Sun
20181305,2016,2,4,NULL,Mon
20181306,2016,2,4,NULL,Tue
20181307,2016,2,4,NULL,Wed
20181308,2016,2,4,NULL,Thu
20181309,2016,2,4,NULL,Fri
20181310,2016,2,4,NULL,Sat
20181311,2016,2,4,NULL,Sun
20181312,2016,2,4,NULL,Mon
20181313,2016,2,4,NULL,Tue
20181314,2016,2,4,NULL,Wed
20181315,2016,2,4,NULL,Fri
20181316,2016,2,4,NULL,Sat
20181317,2016,2,4,NULL,Sun
20181318,2016,2,4,NULL,Mon
20181319,2016,2,4,NULL,Tue
20181320,2016,2,4,NULL,Wed
20181321,2016,2,4,NULL,Thu
20181322,2016,2,4,NULL,Fri
20181323,2016,2,4,NULL,Sat
20181324,2016,2,4,NULL,Wed
20181325,2016,2,4,NULL,Thu
20181326,2016,2,4,NULL,Sat
20181327,2016,2,5,NULL,Sun
20181328,2016,2,5,NULL,Mon
20181329,2016,2,5,NULL,Thu
20181330,2016,2,5,NULL,Fri
20181331,2016,2,5,NULL,Sat
20181332,2016,2,5,NULL,Sun
20181333,2016,2,5,NULL,Mon
20181334,2016,2,5,NULL,Tue
20181335,2016,2,5,NULL,Fri
20181336,2016,2,5,NULL,Sun
20181337,2016,2,5,NULL,Tue
20181338,2016,2,5,NULL,Thu
20181339,2016,2,5,NULL,Fri
20181340,2016,2,5,NULL,Sat
20181341,2016,2,5,NULL,Sun
20181342,2016,2,5,NULL,Tue
20181343,2016,2,5,NULL,Wed
20181344,2016,2,5,NULL,Thu
20181345,2016,2,5,NULL,Fri
20181346,2016,2,5,NULL,Sat
20181347,2016,2,5,NULL,Sun
20181348,2016,2,5,NULL,Mon
20181349,2016,2,6,NULL,Wed
20181350,2016,2,6,NULL,Thu
20181351,2016,2,6,NULL,Fri
20181352,2016,2,6,NULL,Sat
20181353,2016,2,6,NULL,Sun
20181354,2016,2,6,NULL,Mon
20181355,2016,2,6,NULL,Tue
20181356,2016,2,6,NULL,Thu
20181357,2016,2,6,NULL,Fri
20181358,2016,2,6,NULL,Sat
20181359,2016,2,6,NULL,Sun
20181360,2016,2,6,NULL,Mon
20181361,2016,2,6,NULL,Wed
20181362,2016,2,6,NULL,Thu
20181363,2016,2,6,NULL,Fri
20181364,2016,2,6,NULL,Sat
20181365,2016,2,6,NULL,Sun
20181366,2016,2,6,NULL,Mon
20181367,2016,2,6,NULL,Tue
20181368,2016,2,6,NULL,Wed
20181369,2016,2,6,NULL,Thu
20181370,2016,2,6,NULL,Sat
20181371,2016,2,6,NULL,Mon
20181372,2016,2,6,NULL,Tue
20181373,2016,2,6,NULL,Wed
20181374,2016,2,6,NULL,Thu
20181375,2016,3,7,NULL,Sat
20181376,2016,3,7,NULL,Sun
20181377,2016,3,7,NULL,Mon
20181378,2016,3,7,NULL,Tue
20181379,2016,3,7,NULL,Thu
20181380,2016,3,7,NULL,Fri
20181381,2016,3,7,NULL,Sun
20181382,2016,3,7,NULL,Tue
20181383,2016,3,7,NULL,Wed
20181384,2016,3,7,NULL,Thu
20181385,2016,3,7,NULL,Fri
20181386,2016,3,7,NULL,Sat
20181387,2016,3,7,NULL,Sun
20181388,2016,3,7,NULL,Mon
20181389,2016,3,7,NULL,Tue
20181390,2016,3,7,NULL,Wed
20181391,2016,3,7,NULL,Thu
20181392,2016,3,7,NULL,Sat
20181393,2016,3,7,NULL,Sun
20181394,2016,3,7,NULL,Mon
20181395,2016,3,7,NULL,Tue
20181396,2016,3,7,NULL,Thu
20181397,2016,3,7,NULL,Fri
20181398,2016,3,7,NULL,Sun
20181399,2016,3,8,NULL,Mon
20181400,2016,3,8,NULL,Tue
20181401,2016,3,8,NULL,Wed
20181402,2016,3,8,NULL,Thu
20181403,2016,3,8,NULL,Fri
20181404,2016,3,8,NULL,Sat
20181405,2016,3,8,NULL,Mon
20181406,2016,3,8,NULL,Tue
20181407,2016,3,8,NULL,Wed
20181408,2016,3,8,NULL,Thu
20181409,2016,3,8,NULL,Fri
20181410,2016,3,8,NULL,Sat
20181411,2016,3,8,NULL,Sun
20181412,2016,3,8,NULL,Mon
20181413,2016,3,8,NULL,Tue
20181414,2016,3,8,NULL,Wed
20181415,2016,3,8,NULL,Thu
20181416,2016,3,8,NULL,Fri
20181417,2016,3,8,NULL,Sat
20181418,2016,3,8,NULL,Sun
20181419,2016,3,8,NULL,Mon
20181420,2016,3,8,NULL,Tue
20181421,2016,3,8,NULL,Thu
20181422,2016,3,8,NULL,Fri
20181423,2016,3,8,NULL,Sat
20181424,2016,3,8,NULL,Sun
20181425,2016,3,8,NULL,Mon
20181426,2016,3,8,NULL,Tue
20181427,2016,3,8,NULL,Wed
